银行卡号(KH),行别,简写,长度
622493,AEON信贷财务,AEON,6
622974,AEON信贷财务,AEON,6
620011,BC卡公司,BC卡公,6
620027,BC卡公司,BC卡公,6
620031,BC卡公司,BC卡公,6
620039,BC卡公司,BC卡公,6
620103,BC卡公司,BC卡公,6
620106,BC卡公司,BC卡公,6
620120,BC卡公司,BC卡公,6
620123,BC卡公司,BC卡公,6
620125,BC卡公司,BC卡公,6
620132,BC卡公司,BC卡公,6
620220,BC卡公司,BC卡公,6
620278,BC卡公司,BC卡公,6
620812,BC卡公司,BC卡公,6
621003,BC卡公司,BC卡公,6
621006,BC卡公司,BC卡公,6
621011,BC卡公司,BC卡公,6
621012,BC卡公司,BC卡公,6
621020,BC卡公司,BC卡公,6
621025,BC卡公司,BC卡公,6
621027,BC卡公司,BC卡公,6
621031,BC卡公司,BC卡公,6
621032,BC卡公司,BC卡公,6
621039,BC卡公司,BC卡公,6
621078,BC卡公司,BC卡公,6
625003,BC卡公司,BC卡公,6
625006,BC卡公司,BC卡公,6
625011,BC卡公司,BC卡公,6
625012,BC卡公司,BC卡公,6
625020,BC卡公司,BC卡公,6
625023,BC卡公司,BC卡公,6
625025,BC卡公司,BC卡公,6
625027,BC卡公司,BC卡公,6
625031,BC卡公司,BC卡公,6
625032,BC卡公司,BC卡公,6
625039,BC卡公司,BC卡公,6
625078,BC卡公司,BC卡公,6
625079,BC卡公司,BC卡公,6
625103,BC卡公司,BC卡公,6
625106,BC卡公司,BC卡公,6
625111,BC卡公司,BC卡公,6
625112,BC卡公司,BC卡公,6
625120,BC卡公司,BC卡公,6
625123,BC卡公司,BC卡公,6
625125,BC卡公司,BC卡公,6
625127,BC卡公司,BC卡公,6
625131,BC卡公司,BC卡公,6
625132,BC卡公司,BC卡公,6
625139,BC卡公司,BC卡公,6
625178,BC卡公司,BC卡公,6
625179,BC卡公司,BC卡公,6
625220,BC卡公司,BC卡公,6
625320,BC卡公司,BC卡公,6
601100,D.F.S.I,D.F.,6
601101,D.F.S.I,D.F.,6
601121,D.F.S.I,D.F.,6
601122,D.F.S.I,D.F.,6
601123,D.F.S.I,D.F.,6
601124,D.F.S.I,D.F.,6
601125,D.F.S.I,D.F.,6
601126,D.F.S.I,D.F.,6
601127,D.F.S.I,D.F.,6
601128,D.F.S.I,D.F.,6
601131,D.F.S.I,D.F.,6
601136,D.F.S.I,D.F.,6
601137,D.F.S.I,D.F.,6
601138,D.F.S.I,D.F.,6
601140,D.F.S.I,D.F.,6
601142,D.F.S.I,D.F.,6
601143,D.F.S.I,D.F.,6
601144,D.F.S.I,D.F.,6
601145,D.F.S.I,D.F.,6
601146,D.F.S.I,D.F.,6
601147,D.F.S.I,D.F.,6
601148,D.F.S.I,D.F.,6
601149,D.F.S.I,D.F.,6
601174,D.F.S.I,D.F.,6
601177,D.F.S.I,D.F.,6
601178,D.F.S.I,D.F.,6
601179,D.F.S.I,D.F.,6
601186,D.F.S.I,D.F.,6
601187,D.F.S.I,D.F.,6
601188,D.F.S.I,D.F.,6
601189,D.F.S.I,D.F.,6
622145,Philippine National Bank,Phil,6
622495,Travelex,Trav,6
622496,Travelex,Trav,6
621353,安徽当涂新华村镇银行,安徽当涂,6
621526,安徽省农村信用社,安徽省农,6
621778,安徽省农村信用社,安徽省农,6
622953,安徽省农村信用社,安徽省农,6
623220,安徽省农村信用社,安徽省农,6
623637,安徽省农村信用社,安徽省农,6
628387,安徽省农村信用社,安徽省农,6
621526,安徽省农村信用社联合社,安徽省农,6
621778,安徽省农村信用社联合社,安徽省农,6
622953,安徽省农村信用社联合社,安徽省农,6
623220,安徽省农村信用社联合社,安徽省农,6
623637,安徽省农村信用社联合社,安徽省农,6
628387,安徽省农村信用社联合社,安徽省农,6
622413,鞍山银行,鞍山银行,6
623188,鞍山银行,鞍山银行,6
940002,鞍山银行,鞍山银行,6
622434,澳门国际银行,澳门国际,6
622435,澳门国际银行,澳门国际,6
622436,澳门国际银行,澳门国际,6
622775,澳门永亨银行,澳门永亨,6
622785,澳门永亨银行,澳门永亨,6
622861,澳门永亨银行,澳门永亨,6
622862,澳门永亨银行,澳门永亨,6
622932,澳门永亨银行,澳门永亨,6
624300,澳门永亨银行,澳门永亨,6
624302,澳门永亨银行,澳门永亨,6
624308,澳门永亨银行,澳门永亨,6
624309,澳门永亨银行,澳门永亨,6
621760,包商银行,包商银行,6
622165,包商银行,包商银行,6
622315,包商银行,包商银行,6
622336,包商银行,包商银行,6
623210,包商银行,包商银行,6
623273,包商银行,包商银行,6
623592,包商银行,包商银行,6
625359,包商银行,包商银行,6
625950,包商银行,包商银行,6
628295,包商银行,包商银行,6
621091,保定银行,保定银行,6
623168,保定银行,保定银行,6
620088,北京农村商业银行,北京农村,6
621066,北京农村商业银行,北京农村,6
621067,北京农村商业银行,北京农村,6
621068,北京农村商业银行,北京农村,6
621560,北京农村商业银行,北京农村,6
622138,北京农村商业银行,北京农村,6
625186,北京农村商业银行,北京农村,6
625526,北京农村商业银行,北京农村,6
628336,北京农村商业银行,北京农村,6
620088,北京农商银行,北京农商,6
621066,北京农商银行,北京农商,6
621067,北京农商银行,北京农商,6
621068,北京农商银行,北京农商,6
621560,北京农商银行,北京农商,6
622138,北京农商银行,北京农商,6
625186,北京农商银行,北京农商,6
625526,北京农商银行,北京农商,6
628336,北京农商银行,北京农商,6
421317,北京银行,北京银行,6
422160,北京银行,北京银行,6
422161,北京银行,北京银行,6
522001,北京银行,北京银行,6
602968,北京银行,北京银行,6
602969,北京银行,北京银行,6
621030,北京银行,北京银行,6
621420,北京银行,北京银行,6
621468,北京银行,北京银行,6
622163,北京银行,北京银行,6
622851,北京银行,北京银行,6
622852,北京银行,北京银行,6
622853,北京银行,北京银行,6
623111,北京银行,北京银行,6
625816,北京银行,北京银行,6
628203,北京银行,北京银行,6
621696,本溪市商业银行,本溪市商,6
623577,本溪市商业银行,本溪市商,6
621268,渤海银行,渤海银行,6
621453,渤海银行,渤海银行,6
622684,渤海银行,渤海银行,6
622884,渤海银行,渤海银行,6
625122,渤海银行,渤海银行,6
621266,沧州银行,沧州银行,6
621422,沧州银行,沧州银行,6
628395,沧州银行,沧州银行,6
603694,常熟农村商业银行,常熟农村,6
622323,常熟农村商业银行,常熟农村,6
622462,常熟农村商业银行,常熟农村,6
623071,常熟农村商业银行,常熟农村,6
625101,常熟农村商业银行,常熟农村,6
625165,常熟农村商业银行,常熟农村,6
628272,常熟农村商业银行,常熟农村,6
940030,常熟农村商业银行,常熟农村,6
621074,朝阳银行,朝阳银行,6
621515,朝阳银行,朝阳银行,6
623030,朝阳银行,朝阳银行,6
622345,成都农村商业银行,成都农村,6
623088,成都农村商业银行,成都农村,6
622808,成都农村商业银行（信用卡）,成都农村,6
628308,成都农村商业银行（信用卡）,成都农村,6
621516,成都农商银行,成都农商,6
622345,成都农商银行,成都农商,6
622808,成都农商银行,成都农商,6
623088,成都农商银行,成都农商,6
625516,成都农商银行,成都农商,6
628308,成都农商银行,成都农商,6
621482,成都银行,成都银行,6
621532,成都银行,成都银行,6
622135,成都银行,成都银行,6
622152,成都银行,成都银行,6
622153,成都银行,成都银行,6
622154,成都银行,成都银行,6
622813,成都银行,成都银行,6
622818,成都银行,成都银行,6
622996,成都银行,成都银行,6
622997,成都银行,成都银行,6
628228,成都银行,成都银行,6
940027,成都银行,成都银行,6
622818,成都银行（信用卡）,成都银行,6
622936,承德银行,承德银行,6
623060,承德银行,承德银行,6
628229,承德银行,承德银行,6
621087,创兴银行,创兴银行,6
622272,创兴银行,创兴银行,6
622463,创兴银行,创兴银行,6
623413,创兴银行,创兴银行,6
624337,创兴银行,创兴银行,6
625008,创兴银行,创兴银行,6
625009,创兴银行,创兴银行,6
685101,达州农村商业银行,达州农村,6
621233,达州市商业银行,达州市商,6
623588,达州市商业银行,达州市商,6
621233,达州银行,达州银行,6
623588,达州银行,达州银行,6
622546,大丰银行,大丰银行,6
622547,大丰银行,大丰银行,6
622548,大丰银行,大丰银行,6
621328,大华银行（中国）,大华银行,6
622433,大华银行（中国）,大华银行,6
623176,大华银行（中国）,大华银行,6
621328,大华中国,大华中国,6
603708,大连银行,大连银行,6
622383,大连银行,大连银行,6
622385,大连银行,大连银行,6
622993,大连银行,大连银行,6
623069,大连银行,大连银行,6
623070,大连银行,大连银行,6
623172,大连银行,大连银行,6
623173,大连银行,大连银行,6
628299,大连银行,大连银行,6
622383,大连银行（信用卡）,大连银行,6
622385,大连银行（信用卡）,大连银行,6
622395,大同银行,大同银行,6
622925,大同银行,大同银行,6
621277,大新银行,大新银行,6
622293,大新银行,大新银行,6
622294,大新银行,大新银行,6
622295,大新银行,大新银行,6
622296,大新银行,大新银行,6
622297,大新银行,大新银行,6
622373,大新银行,大新银行,6
622375,大新银行,大新银行,6
622451,大新银行,大新银行,6
622489,大新银行,大新银行,6
625940,大新银行,大新银行,6
621277,大新银行（中国）,大新银行,6
622293,大新银行（中国）,大新银行,6
622294,大新银行（中国）,大新银行,6
622295,大新银行（中国）,大新银行,6
622296,大新银行（中国）,大新银行,6
622297,大新银行（中国）,大新银行,6
622373,大新银行（中国）,大新银行,6
622375,大新银行（中国）,大新银行,6
622451,大新银行（中国）,大新银行,6
622489,大新银行（中国）,大新银行,6
625940,大新银行（中国）,大新银行,6
622415,丹东银行,丹东银行,6
623098,丹东银行,丹东银行,6
628329,丹东银行,丹东银行,6
940060,丹东银行,丹东银行,6
623137,德阳银行,德阳银行,6
623264,德阳银行,德阳银行,6
622561,德阳银行,德阳银行,6
622562,德阳银行,德阳银行,6
622563,德阳银行,德阳银行,6
622937,德州银行,德州银行,6
623101,德州银行,德州银行,6
628397,德州银行,德州银行,6
623198,东莞大朗东盈村镇银行,东莞大朗,6
623169,东莞厚街华业村镇银行,东莞厚街,6
623169,东莞厚街华业村镇银行股份有限公司,东莞厚街,6
622328,东莞农村商业银行,东莞农村,6
623038,东莞农村商业银行,东莞农村,6
625288,东莞农村商业银行,东莞农村,6
625888,东莞农村商业银行,东莞农村,6
940062,东莞农村商业银行,东莞农村,6
621439,东莞银行,东莞银行,6
622333,东莞银行,东莞银行,6
622888,东莞银行,东莞银行,6
623010,东莞银行,东莞银行,6
628398,东莞银行,东莞银行,6
940050,东莞银行,东莞银行,6
621411,东亚银行,东亚银行,6
622265,东亚银行,东亚银行,6
622266,东亚银行,东亚银行,6
622365,东亚银行,东亚银行,6
622372,东亚银行,东亚银行,6
622471,东亚银行,东亚银行,6
622472,东亚银行,东亚银行,6
622933,东亚银行,东亚银行,6
622938,东亚银行,东亚银行,6
622943,东亚银行,东亚银行,6
623031,东亚银行,东亚银行,6
623318,东亚银行,东亚银行,6
625972,东亚银行,东亚银行,6
625973,东亚银行,东亚银行,6
622266,东亚银行（贷记卡）,东亚银行,6
621411,东亚银行澳门分行,东亚银行,6
621396,东营莱商村镇银行,东营莱商,6
621656,东营莱商村镇银行,东营莱商,6
621004,东营银行,东营银行,6
623130,东营银行,东营银行,6
628217,东营银行,东营银行,6
622978,鄂尔多斯银行,鄂尔多斯,6
623093,鄂尔多斯银行,鄂尔多斯,6
628253,鄂尔多斯银行,鄂尔多斯,6
628378,鄂尔多斯银行,鄂尔多斯,6
621245,法国兴业银行,法国兴业,6
621245,法国兴业银行（中国）,法国兴业,6
621628,佛山高明顺银村镇银行,佛山高明,6
620043,福建海峡银行,福建海峡,6
621267,福建海峡银行,福建海峡,6
621664,福建海峡银行,福建海峡,6
622388,福建海峡银行,福建海峡,6
622695,福建海峡银行,福建海峡,6
623063,福建海峡银行,福建海峡,6
628360,福建海峡银行,福建海峡,6
940026,福建海峡银行,福建海峡,6
621053,福建建瓯瑞狮村镇银行,福建建瓯,6
621251,福建省农村信用社,福建省农,6
621589,福建省农村信用社,福建省农,6
621701,福建省农村信用社,福建省农,6
622127,福建省农村信用社,福建省农,6
622184,福建省农村信用社,福建省农,6
622290,福建省农村信用社,福建省农,6
622802,福建省农村信用社,福建省农,6
623036,福建省农村信用社,福建省农,6
625128,福建省农村信用社,福建省农,6
625357,福建省农村信用社,福建省农,6
628232,福建省农村信用社,福建省农,6
622290,福建省农村信用社贷记卡,福建省农,6
622802,福建省农村信用社贷记卡,福建省农,6
621251,福建省农村信用社联合社,福建省农,6
621589,福建省农村信用社联合社,福建省农,6
621701,福建省农村信用社联合社,福建省农,6
622127,福建省农村信用社联合社,福建省农,6
622184,福建省农村信用社联合社,福建省农,6
622290,福建省农村信用社联合社,福建省农,6
622802,福建省农村信用社联合社,福建省农,6
623036,福建省农村信用社联合社,福建省农,6
625128,福建省农村信用社联合社,福建省农,6
625357,福建省农村信用社联合社,福建省农,6
628232,福建省农村信用社联合社,福建省农,6
622442,抚顺银行,抚顺银行,6
623099,抚顺银行,抚顺银行,6
628302,抚顺银行,抚顺银行,6
940053,抚顺银行,抚顺银行,6
622126,阜新银行,阜新银行,6
623166,阜新银行,阜新银行,6
628353,阜新银行,阜新银行,6
623565,富邦华一银行,富邦华一,6
621415,富滇银行,富滇银行,6
622308,富滇银行,富滇银行,6
628231,富滇银行,富滇银行,6
990871,富滇银行,富滇银行,6
621061,甘肃省农村信用社,甘肃省农,6
621520,甘肃省农村信用社,甘肃省农,6
623065,甘肃省农村信用社,甘肃省农,6
628332,甘肃省农村信用社,甘肃省农,6
621010,甘肃银行,甘肃银行,6
621636,甘肃银行,甘肃银行,6
623182,甘肃银行,甘肃银行,6
628356,甘肃银行,甘肃银行,6
622967,赣州银行,赣州银行,6
623127,赣州银行,赣州银行,6
628233,赣州银行,赣州银行,6
940073,赣州银行,赣州银行,6
356879,工商银行,工商银行,6
356880,工商银行,工商银行,6
356881,工商银行,工商银行,6
356882,工商银行,工商银行,6
360883,工商银行,工商银行,6
360884,工商银行,工商银行,6
370246,工商银行,工商银行,6
370247,工商银行,工商银行,6
370248,工商银行,工商银行,6
370249,工商银行,工商银行,6
370267,工商银行,工商银行,6
374738,工商银行,工商银行,6
374739,工商银行,工商银行,6
402791,工商银行,工商银行,6
427010,工商银行,工商银行,6
427011,工商银行,工商银行,6
427012,工商银行,工商银行,6
427013,工商银行,工商银行,6
427014,工商银行,工商银行,6
427015,工商银行,工商银行,6
427016,工商银行,工商银行,6
427017,工商银行,工商银行,6
427018,工商银行,工商银行,6
427019,工商银行,工商银行,6
427020,工商银行,工商银行,6
427021,工商银行,工商银行,6
427022,工商银行,工商银行,6
427023,工商银行,工商银行,6
427024,工商银行,工商银行,6
427025,工商银行,工商银行,6
427026,工商银行,工商银行,6
427027,工商银行,工商银行,6
427028,工商银行,工商银行,6
427029,工商银行,工商银行,6
427030,工商银行,工商银行,6
427031,工商银行,工商银行,6
427032,工商银行,工商银行,6
427033,工商银行,工商银行,6
427034,工商银行,工商银行,6
427035,工商银行,工商银行,6
427036,工商银行,工商银行,6
427037,工商银行,工商银行,6
427038,工商银行,工商银行,6
427039,工商银行,工商银行,6
427062,工商银行,工商银行,6
427064,工商银行,工商银行,6
438125,工商银行,工商银行,6
438126,工商银行,工商银行,6
451804,工商银行,工商银行,6
451810,工商银行,工商银行,6
451811,工商银行,工商银行,6
458060,工商银行,工商银行,6
458061,工商银行,工商银行,6
458062,工商银行,工商银行,6
458063,工商银行,工商银行,6
458064,工商银行,工商银行,6
458065,工商银行,工商银行,6
458066,工商银行,工商银行,6
458067,工商银行,工商银行,6
458068,工商银行,工商银行,6
458069,工商银行,工商银行,6
458071,工商银行,工商银行,6
458441,工商银行,工商银行,6
489734,工商银行,工商银行,6
489735,工商银行,工商银行,6
489736,工商银行,工商银行,6
510529,工商银行,工商银行,6
513685,工商银行,工商银行,6
524047,工商银行,工商银行,6
524091,工商银行,工商银行,6
524374,工商银行,工商银行,6
525498,工商银行,工商银行,6
526836,工商银行,工商银行,6
528856,工商银行,工商银行,6
530970,工商银行,工商银行,6
530980,工商银行,工商银行,6
530981,工商银行,工商银行,6
530982,工商银行,工商银行,6
530983,工商银行,工商银行,6
530984,工商银行,工商银行,6
530985,工商银行,工商银行,6
530986,工商银行,工商银行,6
530987,工商银行,工商银行,6
530988,工商银行,工商银行,6
530989,工商银行,工商银行,6
530990,工商银行,工商银行,6
543098,工商银行,工商银行,6
544210,工商银行,工商银行,6
548259,工商银行,工商银行,6
548943,工商银行,工商银行,6
550213,工商银行,工商银行,6
558360,工商银行,工商银行,6
620030,工商银行,工商银行,6
620046,工商银行,工商银行,6
620050,工商银行,工商银行,6
620054,工商银行,工商银行,6
620058,工商银行,工商银行,6
620086,工商银行,工商银行,6
620094,工商银行,工商银行,6
620101,工商银行,工商银行,6
620114,工商银行,工商银行,6
620124,工商银行,工商银行,6
620142,工商银行,工商银行,6
620143,工商银行,工商银行,6
620146,工商银行,工商银行,6
620148,工商银行,工商银行,6
620149,工商银行,工商银行,6
620183,工商银行,工商银行,6
620184,工商银行,工商银行,6
620185,工商银行,工商银行,6
620186,工商银行,工商银行,6
620187,工商银行,工商银行,6
620200,工商银行,工商银行,6
620302,工商银行,工商银行,6
620402,工商银行,工商银行,6
620403,工商银行,工商银行,6
620404,工商银行,工商银行,6
620405,工商银行,工商银行,6
620406,工商银行,工商银行,6
620407,工商银行,工商银行,6
620408,工商银行,工商银行,6
620409,工商银行,工商银行,6
620410,工商银行,工商银行,6
620411,工商银行,工商银行,6
620412,工商银行,工商银行,6
620502,工商银行,工商银行,6
620503,工商银行,工商银行,6
620504,工商银行,工商银行,6
620505,工商银行,工商银行,6
620506,工商银行,工商银行,6
620507,工商银行,工商银行,6
620508,工商银行,工商银行,6
620509,工商银行,工商银行,6
620510,工商银行,工商银行,6
620511,工商银行,工商银行,6
620512,工商银行,工商银行,6
620516,工商银行,工商银行,6
620561,工商银行,工商银行,6
620602,工商银行,工商银行,6
620603,工商银行,工商银行,6
620604,工商银行,工商银行,6
620605,工商银行,工商银行,6
620606,工商银行,工商银行,6
620607,工商银行,工商银行,6
620608,工商银行,工商银行,6
620609,工商银行,工商银行,6
620610,工商银行,工商银行,6
620611,工商银行,工商银行,6
620612,工商银行,工商银行,6
620613,工商银行,工商银行,6
620614,工商银行,工商银行,6
620704,工商银行,工商银行,6
620705,工商银行,工商银行,6
620706,工商银行,工商银行,6
620707,工商银行,工商银行,6
620708,工商银行,工商银行,6
620709,工商银行,工商银行,6
620710,工商银行,工商银行,6
620711,工商银行,工商银行,6
620712,工商银行,工商银行,6
620713,工商银行,工商银行,6
620714,工商银行,工商银行,6
620715,工商银行,工商银行,6
620802,工商银行,工商银行,6
620803,工商银行,工商银行,6
620804,工商银行,工商银行,6
620805,工商银行,工商银行,6
620806,工商银行,工商银行,6
620807,工商银行,工商银行,6
620808,工商银行,工商银行,6
620809,工商银行,工商银行,6
620902,工商银行,工商银行,6
620903,工商银行,工商银行,6
620904,工商银行,工商银行,6
620905,工商银行,工商银行,6
620906,工商银行,工商银行,6
620907,工商银行,工商银行,6
620908,工商银行,工商银行,6
620909,工商银行,工商银行,6
620910,工商银行,工商银行,6
620912,工商银行,工商银行,6
620913,工商银行,工商银行,6
620914,工商银行,工商银行,6
621001,工商银行,工商银行,6
621102,工商银行,工商银行,6
621103,工商银行,工商银行,6
621104,工商银行,工商银行,6
621105,工商银行,工商银行,6
621106,工商银行,工商银行,6
621107,工商银行,工商银行,6
621108,工商银行,工商银行,6
621109,工商银行,工商银行,6
621110,工商银行,工商银行,6
621111,工商银行,工商银行,6
621115,工商银行,工商银行,6
621116,工商银行,工商银行,6
621117,工商银行,工商银行,6
621202,工商银行,工商银行,6
621203,工商银行,工商银行,6
621204,工商银行,工商银行,6
621205,工商银行,工商银行,6
621206,工商银行,工商银行,6
621207,工商银行,工商银行,6
621208,工商银行,工商银行,6
621209,工商银行,工商银行,6
621210,工商银行,工商银行,6
621211,工商银行,工商银行,6
621218,工商银行,工商银行,6
621220,工商银行,工商银行,6
621225,工商银行,工商银行,6
621226,工商银行,工商银行,6
621227,工商银行,工商银行,6
621240,工商银行,工商银行,6
621264,工商银行,工商银行,6
621281,工商银行,工商银行,6
621288,工商银行,工商银行,6
621300,工商银行,工商银行,6
621302,工商银行,工商银行,6
621303,工商银行,工商银行,6
621304,工商银行,工商银行,6
621305,工商银行,工商银行,6
621306,工商银行,工商银行,6
621307,工商银行,工商银行,6
621309,工商银行,工商银行,6
621310,工商银行,工商银行,6
621311,工商银行,工商银行,6
621312,工商银行,工商银行,6
621313,工商银行,工商银行,6
621314,工商银行,工商银行,6
621315,工商银行,工商银行,6
621316,工商银行,工商银行,6
621317,工商银行,工商银行,6
621367,工商银行,工商银行,6
621369,工商银行,工商银行,6
621370,工商银行,工商银行,6
621371,工商银行,工商银行,6
621372,工商银行,工商银行,6
621374,工商银行,工商银行,6
621375,工商银行,工商银行,6
621376,工商银行,工商银行,6
621377,工商银行,工商银行,6
621378,工商银行,工商银行,6
621379,工商银行,工商银行,6
621402,工商银行,工商银行,6
621404,工商银行,工商银行,6
621405,工商银行,工商银行,6
621406,工商银行,工商银行,6
621407,工商银行,工商银行,6
621408,工商银行,工商银行,6
621409,工商银行,工商银行,6
621410,工商银行,工商银行,6
621414,工商银行,工商银行,6
621423,工商银行,工商银行,6
621428,工商银行,工商银行,6
621433,工商银行,工商银行,6
621434,工商银行,工商银行,6
621464,工商银行,工商银行,6
621475,工商银行,工商银行,6
621476,工商银行,工商银行,6
621501,工商银行,工商银行,6
621502,工商银行,工商银行,6
621503,工商银行,工商银行,6
621504,工商银行,工商银行,6
621505,工商银行,工商银行,6
621506,工商银行,工商银行,6
621507,工商银行,工商银行,6
621508,工商银行,工商银行,6
621509,工商银行,工商银行,6
621510,工商银行,工商银行,6
621511,工商银行,工商银行,6
621512,工商银行,工商银行,6
621552,工商银行,工商银行,6
621558,工商银行,工商银行,6
621559,工商银行,工商银行,6
621602,工商银行,工商银行,6
621603,工商银行,工商银行,6
621604,工商银行,工商银行,6
621605,工商银行,工商银行,6
621606,工商银行,工商银行,6
621607,工商银行,工商银行,6
621608,工商银行,工商银行,6
621609,工商银行,工商银行,6
621610,工商银行,工商银行,6
621611,工商银行,工商银行,6
621612,工商银行,工商银行,6
621613,工商银行,工商银行,6
621614,工商银行,工商银行,6
621615,工商银行,工商银行,6
621616,工商银行,工商银行,6
621617,工商银行,工商银行,6
621618,工商银行,工商银行,6
621670,工商银行,工商银行,6
621702,工商银行,工商银行,6
621703,工商银行,工商银行,6
621704,工商银行,工商银行,6
621705,工商银行,工商银行,6
621706,工商银行,工商银行,6
621707,工商银行,工商银行,6
621708,工商银行,工商银行,6
621709,工商银行,工商银行,6
621710,工商银行,工商银行,6
621711,工商银行,工商银行,6
621712,工商银行,工商银行,6
621713,工商银行,工商银行,6
621714,工商银行,工商银行,6
621715,工商银行,工商银行,6
621716,工商银行,工商银行,6
621717,工商银行,工商银行,6
621718,工商银行,工商银行,6
621719,工商银行,工商银行,6
621720,工商银行,工商银行,6
621721,工商银行,工商银行,6
621722,工商银行,工商银行,6
621723,工商银行,工商银行,6
621724,工商银行,工商银行,6
621730,工商银行,工商银行,6
621731,工商银行,工商银行,6
621732,工商银行,工商银行,6
621733,工商银行,工商银行,6
621734,工商银行,工商银行,6
621749,工商银行,工商银行,6
621750,工商银行,工商银行,6
621761,工商银行,工商银行,6
621762,工商银行,工商银行,6
621763,工商银行,工商银行,6
621764,工商银行,工商银行,6
621765,工商银行,工商银行,6
621781,工商银行,工商银行,6
621803,工商银行,工商银行,6
621804,工商银行,工商银行,6
621805,工商银行,工商银行,6
621807,工商银行,工商银行,6
621809,工商银行,工商银行,6
621810,工商银行,工商银行,6
621811,工商银行,工商银行,6
621812,工商银行,工商银行,6
621813,工商银行,工商银行,6
621814,工商银行,工商银行,6
621817,工商银行,工商银行,6
621818,工商银行,工商银行,6
621901,工商银行,工商银行,6
621903,工商银行,工商银行,6
621904,工商银行,工商银行,6
621905,工商银行,工商银行,6
621906,工商银行,工商银行,6
621907,工商银行,工商银行,6
621908,工商银行,工商银行,6
621909,工商银行,工商银行,6
621910,工商银行,工商银行,6
621911,工商银行,工商银行,6
621912,工商银行,工商银行,6
621913,工商银行,工商银行,6
621914,工商银行,工商银行,6
621915,工商银行,工商银行,6
622002,工商银行,工商银行,6
622003,工商银行,工商银行,6
622004,工商银行,工商银行,6
622005,工商银行,工商银行,6
622006,工商银行,工商银行,6
622007,工商银行,工商银行,6
622008,工商银行,工商银行,6
622009,工商银行,工商银行,6
622010,工商银行,工商银行,6
622011,工商银行,工商银行,6
622012,工商银行,工商银行,6
622013,工商银行,工商银行,6
622014,工商银行,工商银行,6
622015,工商银行,工商银行,6
622016,工商银行,工商银行,6
622017,工商银行,工商银行,6
622018,工商银行,工商银行,6
622019,工商银行,工商银行,6
622020,工商银行,工商银行,6
622021,工商银行,工商银行,6
622022,工商银行,工商银行,6
622102,工商银行,工商银行,6
622103,工商银行,工商银行,6
622104,工商银行,工商银行,6
622105,工商银行,工商银行,6
622107,工商银行,工商银行,6
622110,工商银行,工商银行,6
622111,工商银行,工商银行,6
622114,工商银行,工商银行,6
622158,工商银行,工商银行,6
622159,工商银行,工商银行,6
622171,工商银行,工商银行,6
622200,工商银行,工商银行,6
622201,工商银行,工商银行,6
622202,工商银行,工商银行,6
622203,工商银行,工商银行,6
622206,工商银行,工商银行,6
622208,工商银行,工商银行,6
622210,工商银行,工商银行,6
622211,工商银行,工商银行,6
622212,工商银行,工商银行,6
622213,工商银行,工商银行,6
622214,工商银行,工商银行,6
622215,工商银行,工商银行,6
622220,工商银行,工商银行,6
622223,工商银行,工商银行,6
622224,工商银行,工商银行,6
622225,工商银行,工商银行,6
622227,工商银行,工商银行,6
622229,工商银行,工商银行,6
622230,工商银行,工商银行,6
622231,工商银行,工商银行,6
622232,工商银行,工商银行,6
622233,工商银行,工商银行,6
622234,工商银行,工商银行,6
622235,工商银行,工商银行,6
622236,工商银行,工商银行,6
622237,工商银行,工商银行,6
622238,工商银行,工商银行,6
622239,工商银行,工商银行,6
622240,工商银行,工商银行,6
622245,工商银行,工商银行,6
622246,工商银行,工商银行,6
622304,工商银行,工商银行,6
622306,工商银行,工商银行,6
622313,工商银行,工商银行,6
622314,工商银行,工商银行,6
622317,工商银行,工商银行,6
622402,工商银行,工商银行,6
622403,工商银行,工商银行,6
622404,工商银行,工商银行,6
622405,工商银行,工商银行,6
622408,工商银行,工商银行,6
622502,工商银行,工商银行,6
622504,工商银行,工商银行,6
622505,工商银行,工商银行,6
622507,工商银行,工商银行,6
622512,工商银行,工商银行,6
622513,工商银行,工商银行,6
622514,工商银行,工商银行,6
622515,工商银行,工商银行,6
622597,工商银行,工商银行,6
622599,工商银行,工商银行,6
622604,工商银行,工商银行,6
622605,工商银行,工商银行,6
622606,工商银行,工商银行,6
622607,工商银行,工商银行,6
622608,工商银行,工商银行,6
622610,工商银行,工商银行,6
622702,工商银行,工商银行,6
622703,工商银行,工商银行,6
622704,工商银行,工商银行,6
622705,工商银行,工商银行,6
622706,工商银行,工商银行,6
622709,工商银行,工商银行,6
622711,工商银行,工商银行,6
622712,工商银行,工商银行,6
622713,工商银行,工商银行,6
622714,工商银行,工商银行,6
622715,工商银行,工商银行,6
622716,工商银行,工商银行,6
622720,工商银行,工商银行,6
622889,工商银行,工商银行,6
622903,工商银行,工商银行,6
622904,工商银行,工商银行,6
622905,工商银行,工商银行,6
622910,工商银行,工商银行,6
622911,工商银行,工商银行,6
622912,工商银行,工商银行,6
622913,工商银行,工商银行,6
622926,工商银行,工商银行,6
622927,工商银行,工商银行,6
622928,工商银行,工商银行,6
622929,工商银行,工商银行,6
622930,工商银行,工商银行,6
622931,工商银行,工商银行,6
622944,工商银行,工商银行,6
622949,工商银行,工商银行,6
623002,工商银行,工商银行,6
623004,工商银行,工商银行,6
623005,工商银行,工商银行,6
623006,工商银行,工商银行,6
623008,工商银行,工商银行,6
623009,工商银行,工商银行,6
623011,工商银行,工商银行,6
623012,工商银行,工商银行,6
623014,工商银行,工商银行,6
623015,工商银行,工商银行,6
623034,工商银行,工商银行,6
623062,工商银行,工商银行,6
623100,工商银行,工商银行,6
623202,工商银行,工商银行,6
623229,工商银行,工商银行,6
623260,工商银行,工商银行,6
623271,工商银行,工商银行,6
623272,工商银行,工商银行,6
623301,工商银行,工商银行,6
623321,工商银行,工商银行,6
623335,工商银行,工商银行,6
623400,工商银行,工商银行,6
623500,工商银行,工商银行,6
623602,工商银行,工商银行,6
623700,工商银行,工商银行,6
623803,工商银行,工商银行,6
623901,工商银行,工商银行,6
624000,工商银行,工商银行,6
624100,工商银行,工商银行,6
624200,工商银行,工商银行,6
624301,工商银行,工商银行,6
624402,工商银行,工商银行,6
625017,工商银行,工商银行,6
625018,工商银行,工商银行,6
625019,工商银行,工商银行,6
625021,工商银行,工商银行,6
625022,工商银行,工商银行,6
625110,工商银行,工商银行,6
625113,工商银行,工商银行,6
625114,工商银行,工商银行,6
625115,工商银行,工商银行,6
625116,工商银行,工商银行,6
625160,工商银行,工商银行,6
625161,工商银行,工商银行,6
625162,工商银行,工商银行,6
625330,工商银行,工商银行,6
625331,工商银行,工商银行,6
625332,工商银行,工商银行,6
625650,工商银行,工商银行,6
625708,工商银行,工商银行,6
625709,工商银行,工商银行,6
625801,工商银行,工商银行,6
625858,工商银行,工商银行,6
625859,工商银行,工商银行,6
625860,工商银行,工商银行,6
625865,工商银行,工商银行,6
625866,工商银行,工商银行,6
625899,工商银行,工商银行,6
625900,工商银行,工商银行,6
625914,工商银行,工商银行,6
625915,工商银行,工商银行,6
625916,工商银行,工商银行,6
625917,工商银行,工商银行,6
625918,工商银行,工商银行,6
625920,工商银行,工商银行,6
625921,工商银行,工商银行,6
625922,工商银行,工商银行,6
625924,工商银行,工商银行,6
625925,工商银行,工商银行,6
625926,工商银行,工商银行,6
625927,工商银行,工商银行,6
625928,工商银行,工商银行,6
625929,工商银行,工商银行,6
625930,工商银行,工商银行,6
625931,工商银行,工商银行,6
625932,工商银行,工商银行,6
625933,工商银行,工商银行,6
625934,工商银行,工商银行,6
625939,工商银行,工商银行,6
625941,工商银行,工商银行,6
625942,工商银行,工商银行,6
625986,工商银行,工商银行,6
625987,工商银行,工商银行,6
628286,工商银行,工商银行,6
628288,工商银行,工商银行,6
900000,工商银行,工商银行,6
900010,工商银行,工商银行,6
955800,工商银行,工商银行,6
955801,工商银行,工商银行,6
955802,工商银行,工商银行,6
955803,工商银行,工商银行,6
955804,工商银行,工商银行,6
955805,工商银行,工商银行,6
955806,工商银行,工商银行,6
955807,工商银行,工商银行,6
955808,工商银行,工商银行,6
955809,工商银行,工商银行,6
955810,工商银行,工商银行,6
955811,工商银行,工商银行,6
955812,工商银行,工商银行,6
955813,工商银行,工商银行,6
955814,工商银行,工商银行,6
955815,工商银行,工商银行,6
955816,工商银行,工商银行,6
955817,工商银行,工商银行,6
955818,工商银行,工商银行,6
955819,工商银行,工商银行,6
955820,工商银行,工商银行,6
955821,工商银行,工商银行,6
955822,工商银行,工商银行,6
955823,工商银行,工商银行,6
955824,工商银行,工商银行,6
955825,工商银行,工商银行,6
955826,工商银行,工商银行,6
955827,工商银行,工商银行,6
955828,工商银行,工商银行,6
955829,工商银行,工商银行,6
955830,工商银行,工商银行,6
955831,工商银行,工商银行,6
955832,工商银行,工商银行,6
955833,工商银行,工商银行,6
955834,工商银行,工商银行,6
955835,工商银行,工商银行,6
955836,工商银行,工商银行,6
955837,工商银行,工商银行,6
955838,工商银行,工商银行,6
955839,工商银行,工商银行,6
955840,工商银行,工商银行,6
955841,工商银行,工商银行,6
955842,工商银行,工商银行,6
955843,工商银行,工商银行,6
955844,工商银行,工商银行,6
955845,工商银行,工商银行,6
955846,工商银行,工商银行,6
955847,工商银行,工商银行,6
955848,工商银行,工商银行,6
955849,工商银行,工商银行,6
955850,工商银行,工商银行,6
955851,工商银行,工商银行,6
955852,工商银行,工商银行,6
955853,工商银行,工商银行,6
955854,工商银行,工商银行,6
955855,工商银行,工商银行,6
955856,工商银行,工商银行,6
955857,工商银行,工商银行,6
955858,工商银行,工商银行,6
955859,工商银行,工商银行,6
955860,工商银行,工商银行,6
955861,工商银行,工商银行,6
955862,工商银行,工商银行,6
955863,工商银行,工商银行,6
955864,工商银行,工商银行,6
955865,工商银行,工商银行,6
955866,工商银行,工商银行,6
955867,工商银行,工商银行,6
955868,工商银行,工商银行,6
955869,工商银行,工商银行,6
955870,工商银行,工商银行,6
955871,工商银行,工商银行,6
955872,工商银行,工商银行,6
955873,工商银行,工商银行,6
955874,工商银行,工商银行,6
955875,工商银行,工商银行,6
955876,工商银行,工商银行,6
955877,工商银行,工商银行,6
955878,工商银行,工商银行,6
955879,工商银行,工商银行,6
955880,工商银行,工商银行,6
955881,工商银行,工商银行,6
955882,工商银行,工商银行,6
955883,工商银行,工商银行,6
955884,工商银行,工商银行,6
955885,工商银行,工商银行,6
955886,工商银行,工商银行,6
955887,工商银行,工商银行,6
955888,工商银行,工商银行,6
955889,工商银行,工商银行,6
955890,工商银行,工商银行,6
955891,工商银行,工商银行,6
955892,工商银行,工商银行,6
955893,工商银行,工商银行,6
955894,工商银行,工商银行,6
955895,工商银行,工商银行,6
955896,工商银行,工商银行,6
955897,工商银行,工商银行,6
955898,工商银行,工商银行,6
955899,工商银行,工商银行,6
621308,工商银行,工商银行,6
621539,工商银行,工商银行,6
622302,工商银行,工商银行,6
622303,工商银行,工商银行,6
622305,工商银行,工商银行,6
622307,工商银行,工商银行,6
622308,工商银行,工商银行,6
622315,工商银行,工商银行,6
622508,工商银行,工商银行,6
622509,工商银行,工商银行,6
622510,工商银行,工商银行,6
622517,工商银行,工商银行,6
622710,工商银行,工商银行,6
622806,工商银行,工商银行,6
622902,工商银行,工商银行,6
623016,工商银行,工商银行,6
625333,工商银行,工商银行,6
303781,光大银行,光大银行,6
356837,光大银行,光大银行,6
356838,光大银行,光大银行,6
356839,光大银行,光大银行,6
356840,光大银行,光大银行,6
406252,光大银行,光大银行,6
406254,光大银行,光大银行,6
425862,光大银行,光大银行,6
481699,光大银行,光大银行,6
486497,光大银行,光大银行,6
524090,光大银行,光大银行,6
543159,光大银行,光大银行,6
620085,光大银行,光大银行,6
620518,光大银行,光大银行,6
620535,光大银行,光大银行,6
621489,光大银行,光大银行,6
621490,光大银行,光大银行,6
621491,光大银行,光大银行,6
621492,光大银行,光大银行,6
622161,光大银行,光大银行,6
622570,光大银行,光大银行,6
622650,光大银行,光大银行,6
622655,光大银行,光大银行,6
622657,光大银行,光大银行,6
622658,光大银行,光大银行,6
622659,光大银行,光大银行,6
622660,光大银行,光大银行,6
622661,光大银行,光大银行,6
622662,光大银行,光大银行,6
622663,光大银行,光大银行,6
622664,光大银行,光大银行,6
622665,光大银行,光大银行,6
622666,光大银行,光大银行,6
622667,光大银行,光大银行,6
622668,光大银行,光大银行,6
622669,光大银行,光大银行,6
622670,光大银行,光大银行,6
622671,光大银行,光大银行,6
622672,光大银行,光大银行,6
622673,光大银行,光大银行,6
622674,光大银行,光大银行,6
622685,光大银行,光大银行,6
622687,光大银行,光大银行,6
622801,光大银行,光大银行,6
623155,光大银行,光大银行,6
623156,光大银行,光大银行,6
623157,光大银行,光大银行,6
623158,光大银行,光大银行,6
623159,光大银行,光大银行,6
623253,光大银行,光大银行,6
625339,光大银行,光大银行,6
625975,光大银行,光大银行,6
625976,光大银行,光大银行,6
625977,光大银行,光大银行,6
625978,光大银行,光大银行,6
625979,光大银行,光大银行,6
625980,光大银行,光大银行,6
625981,光大银行,光大银行,6
626632,光大银行,光大银行,6
628201,光大银行,光大银行,6
628202,光大银行,光大银行,6
662685,光大银行,光大银行,6
900300,光大银行,光大银行,6
900301,光大银行,光大银行,6
900302,光大银行,光大银行,6
900303,光大银行,光大银行,6
900304,光大银行,光大银行,6
900305,光大银行,光大银行,6
900306,光大银行,光大银行,6
900307,光大银行,光大银行,6
900308,光大银行,光大银行,6
900309,光大银行,光大银行,6
622657,光大银行（信用卡）,光大银行,6
621469,广东华兴银行,广东华兴,6
621625,广东华兴银行,广东华兴,6
623113,广东华兴银行,广东华兴,6
623611,广东华兴银行,广东华兴,6
623627,广东华兴银行,广东华兴,6
623665,广东华兴银行,广东华兴,6
623688,广东华兴银行,广东华兴,6
621727,广东南粤银行,广东南粤,6
622448,广东南粤银行,广东南粤,6
623128,广东南粤银行,广东南粤,6
623595,广东南粤银行,广东南粤,6
628237,广东南粤银行,广东南粤,6
623172,广东南粤银行,广东南粤,6
621018,广东省农村信用社,广东省农,6
621518,广东省农村信用社,广东省农,6
621728,广东省农村信用社,广东省农,6
622271,广东省农村信用社,广东省农,6
622302,广东省农村信用社,广东省农,6
622343,广东省农村信用社,广东省农,6
622362,广东省农村信用社,广东省农,6
622470,广东省农村信用社,广东省农,6
622477,广东省农村信用社,广东省农,6
622509,广东省农村信用社,广东省农,6
622510,广东省农村信用社,广东省农,6
622859,广东省农村信用社,广东省农,6
940037,广东省农村信用社,广东省农,6
621018,广东省农村信用社联合社,广东省农,6
621518,广东省农村信用社联合社,广东省农,6
621728,广东省农村信用社联合社,广东省农,6
622302,广东省农村信用社联合社,广东省农,6
622362,广东省农村信用社联合社,广东省农,6
622470,广东省农村信用社联合社,广东省农,6
622477,广东省农村信用社联合社,广东省农,6
622509,广东省农村信用社联合社,广东省农,6
622510,广东省农村信用社联合社,广东省农,6
622322,广东顺德农村商业银行,广东顺德,6
625088,广东顺德农村商业银行,广东顺德,6
628322,广东顺德农村商业银行,广东顺德,6
940038,广东顺德农村商业银行,广东顺德,6
985262,广东顺德农村商业银行,广东顺德,6
622322,广东顺德农商银行,广东顺德,6
940038,广东顺德农商银行,广东顺德,6
985262,广东顺德农商银行,广东顺德,6
102033,广发银行,广发银行,6
406365,广发银行,广发银行,6
406366,广发银行,广发银行,6
428911,广发银行,广发银行,6
436768,广发银行,广发银行,6
436769,广发银行,广发银行,6
436770,广发银行,广发银行,6
436771,广发银行,广发银行,6
487013,广发银行,广发银行,6
491032,广发银行,广发银行,6
491033,广发银行,广发银行,6
491034,广发银行,广发银行,6
491035,广发银行,广发银行,6
491036,广发银行,广发银行,6
491037,广发银行,广发银行,6
491038,广发银行,广发银行,6
493427,广发银行,广发银行,6
518364,广发银行,广发银行,6
520152,广发银行,广发银行,6
520382,广发银行,广发银行,6
528931,广发银行,广发银行,6
541709,广发银行,广发银行,6
541710,广发银行,广发银行,6
548844,广发银行,广发银行,6
552794,广发银行,广发银行,6
558894,广发银行,广发银行,6
620037,广发银行,广发银行,6
621462,广发银行,广发银行,6
622555,广发银行,广发银行,6
622556,广发银行,广发银行,6
622557,广发银行,广发银行,6
622558,广发银行,广发银行,6
622559,广发银行,广发银行,6
622560,广发银行,广发银行,6
622568,广发银行,广发银行,6
623259,广发银行,广发银行,6
623506,广发银行,广发银行,6
625071,广发银行,广发银行,6
625072,广发银行,广发银行,6
625805,广发银行,广发银行,6
625806,广发银行,广发银行,6
625807,广发银行,广发银行,6
625808,广发银行,广发银行,6
625809,广发银行,广发银行,6
625810,广发银行,广发银行,6
628259,广发银行,广发银行,6
628260,广发银行,广发银行,6
685800,广发银行,广发银行,6
911111,广发银行,广发银行,6
911112,广发银行,广发银行,6
911113,广发银行,广发银行,6
911121,广发银行,广发银行,6
622560,广发银行（信用卡）,广发银行,6
685800,广发银行（信用卡）,广发银行,6
622335,广西北部湾银行,广西北部,6
623001,广西北部湾银行,广西北部,6
628227,广西北部湾银行,广西北部,6
622992,广西农村信用社,广西农村,6
623133,广西农村信用社,广西农村,6
628330,广西农村信用社,广西农村,6
622992,广西省农村信用社,广西省农,6
623133,广西省农村信用社,广西省农,6
621635,广西银海国民村镇银行,广西银海,6
622992,广西壮族自治区农村信用社,广西壮族,6
623133,广西壮族自治区农村信用社,广西壮族,6
628330,广西壮族自治区农村信用社,广西壮族,6
621781,广州萝岗惠民村镇银行,广州萝岗,6
621522,广州农村商业银行,广州农村,6
622439,广州农村商业银行,广州农村,6
625080,广州农村商业银行,广州农村,6
628235,广州农村商业银行,广州农村,6
909810,广州农村商业银行,广州农村,6
940035,广州农村商业银行,广州农村,6
621522,广州农商银行,广州农商,6
622439,广州农商银行,广州农商,6
625080,广州农商银行,广州农商,6
628235,广州农商银行,广州农商,6
909810,广州农商银行,广州农商,6
940035,广州农商银行,广州农商,6
603445,广州银行,广州银行,6
621463,广州银行,广州银行,6
622467,广州银行,广州银行,6
622875,广州银行,广州银行,6
625050,广州银行,广州银行,6
625836,广州银行,广州银行,6
628367,广州银行,广州银行,6
940016,广州银行,广州银行,6
621676,广州增城长江村镇银行,广州增城,6
623104,贵阳小河科技村镇银行,贵阳小河,6
621735,贵阳银行,贵阳银行,6
622133,贵阳银行,贵阳银行,6
622170,贵阳银行,贵阳银行,6
622533,贵阳银行,贵阳银行,6
622537,贵阳银行,贵阳银行,6
628213,贵阳银行,贵阳银行,6
888000,贵阳银行,贵阳银行,6
628213,贵阳银行（信用卡）,贵阳银行,6
621590,贵州省农村信用社,贵州省农,6
621779,贵州省农村信用社,贵州省农,6
622893,贵州省农村信用社,贵州省农,6
628341,贵州省农村信用社,贵州省农,6
621590,贵州省农村信用社联合社,贵州省农,6
621779,贵州省农村信用社联合社,贵州省农,6
622893,贵州省农村信用社联合社,贵州省农,6
628341,贵州省农村信用社联合社,贵州省农,6
621460,贵州银行,贵州银行,6
621591,贵州银行,贵州银行,6
622508,贵州银行,贵州银行,6
622939,贵州银行,贵州银行,6
622961,贵州银行,贵州银行,6
621386,桂林银行,桂林银行,6
621456,桂林银行,桂林银行,6
621562,桂林银行,桂林银行,6
622856,桂林银行,桂林银行,6
623221,桂林银行,桂林银行,6
625168,桂林银行,桂林银行,6
625369,桂林银行,桂林银行,6
628219,桂林银行,桂林银行,6
621682,桂阳沪农商村镇银行,桂阳沪农,6
621682,桂阳沪农商村镇银行股份有限公司,桂阳沪农,6
621577,哈尔滨银行,哈尔滨银,6
621752,哈尔滨银行,哈尔滨银,6
622425,哈尔滨银行,哈尔滨银,6
622809,哈尔滨银行,哈尔滨银,6
625119,哈尔滨银行,哈尔滨银,6
625577,哈尔滨银行,哈尔滨银,6
625952,哈尔滨银行,哈尔滨银,6
628224,哈尔滨银行,哈尔滨银,6
940049,哈尔滨银行,哈尔滨银,6
622809,哈尔滨银行（信用卡）,哈尔滨银,6
628224,哈尔滨银行（信用卡）,哈尔滨银,6
621360,哈密市商业银行,哈密市商,6
623566,哈密市商业银行,哈密市商,6
623510,海口联合农村商业银行,海口联合,6
625126,海口联合农村商业银行,海口联合,6
628320,海口联合农村商业银行,海口联合,6
621036,海南省农村信用合作联社,海南省农,6
621458,海南省农村信用合作联社,海南省农,6
621536,海南省农村信用合作联社,海南省农,6
621036,海南省农村信用社,海南省农,6
621458,海南省农村信用社,海南省农,6
621536,海南省农村信用社,海南省农,6
623621,海南银行,海南银行,6
622960,邯郸银行,邯郸银行,6
623523,邯郸银行,邯郸银行,6
621023,韩国BC卡公司,韩国BC,6
621201,韩亚银行,韩亚银行,6
623513,韩亚银行,韩亚银行,6
621631,汉口银行,汉口银行,6
622325,汉口银行,汉口银行,6
622566,汉口银行,汉口银行,6
622567,汉口银行,汉口银行,6
622625,汉口银行,汉口银行,6
622626,汉口银行,汉口银行,6
623029,汉口银行,汉口银行,6
623105,汉口银行,汉口银行,6
625946,汉口银行,汉口银行,6
628200,汉口银行,汉口银行,6
990027,汉口银行,汉口银行,6
603367,杭州银行,杭州银行,6
622286,杭州银行,杭州银行,6
622878,杭州银行,杭州银行,6
623061,杭州银行,杭州银行,6
623209,杭州银行,杭州银行,6
625800,杭州银行,杭州银行,6
628236,杭州银行,杭州银行,6
622286,杭州银行（贷）,杭州银行,6
621021,河北省农村信用社,河北省农,6
622358,河北省农村信用社,河北省农,6
623025,河北省农村信用社,河北省农,6
623501,河北省农村信用社,河北省农,6
622498,河北银行,河北银行,6
622499,河北银行,河北银行,6
622921,河北银行,河北银行,6
623000,河北银行,河北银行,6
623582,河北银行,河北银行,6
625598,河北银行,河北银行,6
628321,河北银行,河北银行,6
940046,河北银行,河北银行,6
621585,河南省农村信用社,河南省农,6
622991,河南省农村信用社,河南省农,6
623013,河南省农村信用社,河南省农,6
623059,河南省农村信用社,河南省农,6
621228,黑龙江省农村信用社,黑龙江省,6
621557,黑龙江省农村信用社,黑龙江省,6
623516,黑龙江省农村信用社,黑龙江省,6
623659,黑龙江省农村信用社,黑龙江省,6
621228,黑龙江省农村信用社联合社,黑龙江省,6
621557,黑龙江省农村信用社联合社,黑龙江省,6
623516,黑龙江省农村信用社联合社,黑龙江省,6
622384,恒丰银行,恒丰银行,6
623078,恒丰银行,恒丰银行,6
940034,恒丰银行,恒丰银行,6
640173,恒丰银行,恒丰银行,6
640173,恒丰银行 ,恒丰银行,6
621440,恒生银行,恒生银行,6
621441,恒生银行,恒生银行,6
622376,恒生银行,恒生银行,6
622377,恒生银行,恒生银行,6
622378,恒生银行,恒生银行,6
622409,恒生银行,恒生银行,6
622410,恒生银行,恒生银行,6
622950,恒生银行,恒生银行,6
622951,恒生银行,恒生银行,6
623106,恒生银行,恒生银行,6
623107,恒生银行,恒生银行,6
625024,恒生银行,恒生银行,6
625026,恒生银行,恒生银行,6
625092,恒生银行,恒生银行,6
621239,衡水银行,衡水银行,6
623068,衡水银行,衡水银行,6
628380,衡水银行,衡水银行,6
622398,葫芦岛银行,葫芦岛银,6
623598,葫芦岛银行,葫芦岛银,6
940054,葫芦岛银行,葫芦岛银,6
622995,湖北嘉鱼吴江村镇银行,湖北嘉鱼,6
621013,湖北省农村信用社,湖北省农,6
621523,湖北省农村信用社,湖北省农,6
622412,湖北省农村信用社,湖北省农,6
623055,湖北省农村信用社,湖北省农,6
623276,湖北省农村信用社,湖北省农,6
625889,湖北省农村信用社,湖北省农,6
628254,湖北省农村信用社,湖北省农,6
621217,湖北银行,湖北银行,6
621270,湖北银行,湖北银行,6
622396,湖北银行,湖北银行,6
622397,湖北银行,湖北银行,6
622511,湖北银行,湖北银行,6
622959,湖北银行,湖北银行,6
623076,湖北银行,湖北银行,6
625850,湖北银行,湖北银行,6
628340,湖北银行,湖北银行,6
940055,湖北银行,湖北银行,6
621519,湖南省农村信用社,湖南省农,6
621539,湖南省农村信用社,湖南省农,6
622169,湖南省农村信用社,湖南省农,6
622906,湖南省农村信用社,湖南省农,6
623090,湖南省农村信用社,湖南省农,6
625506,湖南省农村信用社,湖南省农,6
625519,湖南省农村信用社,湖南省农,6
628386,湖南省农村信用社,湖南省农,6
621519,湖南省农村信用社联合社,湖南省农,6
621539,湖南省农村信用社联合社,湖南省农,6
622169,湖南省农村信用社联合社,湖南省农,6
623090,湖南省农村信用社联合社,湖南省农,6
622301,湖州市商业银行,湖州市商,6
623171,湖州市商业银行,湖州市商,6
622301,湖州银行,湖州银行,6
623171,湖州银行,湖州银行,6
628306,湖州银行,湖州银行,6
625076,花期中国,花期中国,6
621062,花旗银行,花旗银行,6
621063,花旗银行,花旗银行,6
622371,花旗银行,花旗银行,6
625074,花旗银行,花旗银行,6
625075,花旗银行,花旗银行,6
625076,花旗银行,花旗银行,6
625077,花旗银行,花旗银行,6
625091,花旗银行,花旗银行,6
621077,华侨银行,华侨银行,6
621077,华侨银行(中国)有限公司,华侨银行,6
621077,华侨永亨银行（中国）,华侨永亨,6
621298,华侨永亨银行（中国）,华侨永亨,6
622775,华侨永亨银行（中国）,华侨永亨,6
622785,华侨永亨银行（中国）,华侨永亨,6
622798,华侨永亨银行（中国）,华侨永亨,6
622861,华侨永亨银行（中国）,华侨永亨,6
622862,华侨永亨银行（中国）,华侨永亨,6
622871,华侨永亨银行（中国）,华侨永亨,6
622932,华侨永亨银行（中国）,华侨永亨,6
622957,华侨永亨银行（中国）,华侨永亨,6
622958,华侨永亨银行（中国）,华侨永亨,6
622963,华侨永亨银行（中国）,华侨永亨,6
624300,华侨永亨银行（中国）,华侨永亨,6
624302,华侨永亨银行（中国）,华侨永亨,6
624308,华侨永亨银行（中国）,华侨永亨,6
624309,华侨永亨银行（中国）,华侨永亨,6
625010,华侨永亨银行（中国）,华侨永亨,6
621366,华融湘江银行,华融湘江,6
621388,华融湘江银行,华融湘江,6
625886,华融湘江银行,华融湘江,6
628328,华融湘江银行,华融湘江,6
623163,华商银行,华商银行,6
431502,华夏银行,华夏银行,6
431503,华夏银行,华夏银行,6
523959,华夏银行,华夏银行,6
528708,华夏银行,华夏银行,6
528709,华夏银行,华夏银行,6
539867,华夏银行,华夏银行,6
539868,华夏银行,华夏银行,6
620552,华夏银行,华夏银行,6
621222,华夏银行,华夏银行,6
622630,华夏银行,华夏银行,6
622631,华夏银行,华夏银行,6
622632,华夏银行,华夏银行,6
622633,华夏银行,华夏银行,6
622636,华夏银行,华夏银行,6
622637,华夏银行,华夏银行,6
622638,华夏银行,华夏银行,6
623020,华夏银行,华夏银行,6
623021,华夏银行,华夏银行,6
623022,华夏银行,华夏银行,6
623023,华夏银行,华夏银行,6
625967,华夏银行,华夏银行,6
625968,华夏银行,华夏银行,6
625969,华夏银行,华夏银行,6
628318,华夏银行,华夏银行,6
999999,华夏银行,华夏银行,6
622638,华夏银行信用卡中心（银联数据）,华夏银行,6
622131,淮安市商业银行,淮安市商,6
940005,淮海农村商业银行,淮海农村,6
622312,淮海农村商业银行,淮海农村,6
603601,徽商银行,徽商银行,6
621775,徽商银行,徽商银行,6
622137,徽商银行,徽商银行,6
622327,徽商银行,徽商银行,6
622340,徽商银行,徽商银行,6
622366,徽商银行,徽商银行,6
622651,徽商银行,徽商银行,6
622877,徽商银行,徽商银行,6
622879,徽商银行,徽商银行,6
623203,徽商银行,徽商银行,6
623664,徽商银行,徽商银行,6
625358,徽商银行,徽商银行,6
625652,徽商银行,徽商银行,6
625700,徽商银行,徽商银行,6
625828,徽商银行,徽商银行,6
628251,徽商银行,徽商银行,6
622366,徽商银行安庆分行,徽商银行,6
603601,徽商银行合肥分行,徽商银行,6
622340,徽商银行淮北分行,徽商银行,6
622327,徽商银行马鞍山分行,徽商银行,6
622137,徽商银行芜湖分行,徽商银行,6
622360,汇丰银行,汇丰银行,6
622361,汇丰银行,汇丰银行,6
622406,汇丰银行,汇丰银行,6
622407,汇丰银行,汇丰银行,6
622946,汇丰银行,汇丰银行,6
621627,吉安稠州村镇银行,吉安稠州,6
621627,吉安稠州村镇银行股份有限公司,吉安稠州,6
621531,吉林省农村信用社,吉林省农,6
622935,吉林省农村信用社,吉林省农,6
623181,吉林省农村信用社,吉林省农,6
623618,吉林省农村信用社,吉林省农,6
622178,吉林银行,吉林银行,6
622179,吉林银行,吉林银行,6
622440,吉林银行,吉林银行,6
622865,吉林银行,吉林银行,6
623131,吉林银行,吉林银行,6
628358,吉林银行,吉林银行,6
940012,吉林银行,吉林银行,6
940047,吉林银行,吉林银行,6
620206,集友银行,集友银行,6
620207,集友银行,集友银行,6
621043,集友银行,集友银行,6
621742,集友银行,集友银行,6
621784,集友银行,集友银行,6
622352,集友银行,集友银行,6
622353,集友银行,集友银行,6
622355,集友银行,集友银行,6
623042,集友银行,集友银行,6
623310,集友银行,集友银行,6
621200,济宁银行,济宁银行,6
623116,济宁银行,济宁银行,6
622132,嘉兴银行,嘉兴银行,6
628327,嘉兴银行,嘉兴银行,6
356895,建设银行,建设银行,6
356896,建设银行,建设银行,6
356899,建设银行,建设银行,6
421349,建设银行,建设银行,6
434061,建设银行,建设银行,6
434062,建设银行,建设银行,6
436718,建设银行,建设银行,6
436728,建设银行,建设银行,6
436738,建设银行,建设银行,6
436742,建设银行,建设银行,6
436745,建设银行,建设银行,6
436748,建设银行,建设银行,6
453242,建设银行,建设银行,6
489592,建设银行,建设银行,6
491031,建设银行,建设银行,6
524094,建设银行,建设银行,6
526410,建设银行,建设银行,6
531693,建设银行,建设银行,6
532420,建设银行,建设银行,6
532421,建设银行,建设银行,6
532422,建设银行,建设银行,6
532423,建设银行,建设银行,6
532424,建设银行,建设银行,6
532425,建设银行,建设银行,6
532426,建设银行,建设银行,6
532427,建设银行,建设银行,6
532428,建设银行,建设银行,6
532429,建设银行,建设银行,6
532430,建设银行,建设银行,6
532450,建设银行,建设银行,6
532458,建设银行,建设银行,6
544033,建设银行,建设银行,6
544887,建设银行,建设银行,6
552245,建设银行,建设银行,6
552801,建设银行,建设银行,6
553242,建设银行,建设银行,6
557080,建设银行,建设银行,6
558895,建设银行,建设银行,6
559051,建设银行,建设银行,6
565100,建设银行,建设银行,6
589970,建设银行,建设银行,6
620060,建设银行,建设银行,6
620107,建设银行,建设银行,6
621080,建设银行,建设银行,6
621081,建设银行,建设银行,6
621082,建设银行,建设银行,6
621083,建设银行,建设银行,6
621084,建设银行,建设银行,6
621284,建设银行,建设银行,6
621466,建设银行,建设银行,6
621467,建设银行,建设银行,6
621487,建设银行,建设银行,6
621488,建设银行,建设银行,6
621499,建设银行,建设银行,6
621598,建设银行,建设银行,6
621621,建设银行,建设银行,6
621673,建设银行,建设银行,6
621700,建设银行,建设银行,6
622166,建设银行,建设银行,6
622168,建设银行,建设银行,6
622280,建设银行,建设银行,6
622381,建设银行,建设银行,6
622382,建设银行,建设银行,6
622675,建设银行,建设银行,6
622676,建设银行,建设银行,6
622677,建设银行,建设银行,6
622700,建设银行,建设银行,6
622707,建设银行,建设银行,6
622708,建设银行,建设银行,6
622725,建设银行,建设银行,6
622728,建设银行,建设银行,6
622804,建设银行,建设银行,6
622966,建设银行,建设银行,6
622988,建设银行,建设银行,6
623094,建设银行,建设银行,6
623211,建设银行,建设银行,6
623251,建设银行,建设银行,6
623350,建设银行,建设银行,6
623638,建设银行,建设银行,6
623668,建设银行,建设银行,6
623669,建设银行,建设银行,6
623953,建设银行,建设银行,6
624329,建设银行,建设银行,6
624412,建设银行,建设银行,6
625362,建设银行,建设银行,6
625363,建设银行,建设银行,6
625955,建设银行,建设银行,6
625956,建设银行,建设银行,6
625964,建设银行,建设银行,6
625965,建设银行,建设银行,6
625966,建设银行,建设银行,6
628266,建设银行,建设银行,6
628316,建设银行,建设银行,6
628317,建设银行,建设银行,6
628366,建设银行,建设银行,6
623644,建设银行,建设银行,6
622801,建设银行,建设银行,6
531693,建设银行（信用卡）,建设银行,6
557080,建设银行（信用卡）,建设银行,6
625966,建设银行（信用卡）,建设银行,6
628266,建设银行（信用卡）,建设银行,6
628317,建设银行（信用卡）,建设银行,6
622470,江门市新会农村信用社,江门市新,6
621363,江南农村商业银行,江南农村,6
622891,江南农村商业银行,江南农村,6
623189,江南农村商业银行,江南农村,6
623576,江南农村商业银行,江南农村,6
625129,江南农村商业银行,江南农村,6
622462,江苏常熟农村商业银行,江苏常熟,6
625101,江苏常熟农村商业银行,江苏常熟,6
628272,江苏常熟农村商业银行,江苏常熟,6
621308,江苏东海张农商村镇银行,江苏东海,6
621338,江苏惠山民泰村镇银行股份有限公司,江苏惠山,6
622481,江苏江阴农村商业银行,江苏江阴,6
621578,江苏省农村信用社,江苏省农,6
622312,江苏省农村信用社,江苏省农,6
622324,江苏省农村信用社,江苏省农,6
622452,江苏省农村信用社,江苏省农,6
622815,江苏省农村信用社,江苏省农,6
622816,江苏省农村信用社,江苏省农,6
623066,江苏省农村信用社,江苏省农,6
623267,江苏省农村信用社,江苏省农,6
628226,江苏省农村信用社,江苏省农,6
621578,江苏省农村信用社联合社,江苏省农,6
622815,江苏省农村信用社联合社,江苏省农,6
622816,江苏省农村信用社联合社,江苏省农,6
623066,江苏省农村信用社联合社,江苏省农,6
623267,江苏省农村信用社联合社,江苏省农,6
628226,江苏省农村信用社联合社,江苏省农,6
621389,江苏通州华商村镇银行,江苏通州,6
504923,江苏银行,江苏银行,6
603265,江苏银行,江苏银行,6
621076,江苏银行,江苏银行,6
621579,江苏银行,江苏银行,6
622131,江苏银行,江苏银行,6
622173,江苏银行,江苏银行,6
622283,江苏银行,江苏银行,6
622337,江苏银行,江苏银行,6
622394,江苏银行,江苏银行,6
622418,江苏银行,江苏银行,6
622422,江苏银行,江苏银行,6
622447,江苏银行,江苏银行,6
622485,江苏银行,江苏银行,6
622866,江苏银行,江苏银行,6
622873,江苏银行,江苏银行,6
622876,江苏银行,江苏银行,6
625902,江苏银行,江苏银行,6
628210,江苏银行,江苏银行,6
695800,江苏银行,江苏银行,6
940017,江苏银行,江苏银行,6
940025,江苏银行,江苏银行,6
940070,江苏银行,江苏银行,6
940076,江苏银行,江苏银行,6
622870,江苏长江商业银行,江苏长江,6
623150,江苏长江商业银行,江苏长江,6
621592,江西省农村信用联社,江西省农,6
622681,江西省农村信用联社,江西省农,6
622682,江西省农村信用联社,江西省农,6
622683,江西省农村信用联社,江西省农,6
623092,江西省农村信用联社,江西省农,6
628392,江西省农村信用联社,江西省农,6
621592,江西省农村信用社,江西省农,6
622681,江西省农村信用社,江西省农,6
622682,江西省农村信用社,江西省农,6
622683,江西省农村信用社,江西省农,6
623092,江西省农村信用社,江西省农,6
628392,江西省农村信用社,江西省农,6
621269,江西银行,江西银行,6
622275,江西银行,江西银行,6
622718,江西银行,江西银行,6
628305,江西银行,江西银行,6
940006,江西银行,江西银行,6
621246,江西银行,江西银行,6
621213,江西银行,江西银行,6
622341,江阴农村商业银行,江阴农村,6
622481,江阴农村商业银行,江阴农村,6
623115,江阴农村商业银行,江阴农村,6
628381,江阴农村商业银行,江阴农村,6
940058,江阴农村商业银行,江阴农村,6
622341,江阴市农村商业银行,江阴市农,6
622481,江阴市农村商业银行,江阴市农,6
623115,江阴市农村商业银行,江阴市农,6
940058,江阴市农村商业银行,江阴市农,6
405512,交通银行,交通银行,6
434910,交通银行,交通银行,6
458123,交通银行,交通银行,6
458124,交通银行,交通银行,6
491040,交通银行,交通银行,6
520169,交通银行,交通银行,6
521899,交通银行,交通银行,6
522964,交通银行,交通银行,6
537830,交通银行,交通银行,6
552853,交通银行,交通银行,6
601428,交通银行,交通银行,6
620013,交通银行,交通银行,6
620021,交通银行,交通银行,6
620521,交通银行,交通银行,6
621002,交通银行,交通银行,6
621069,交通银行,交通银行,6
621335,交通银行,交通银行,6
621436,交通银行,交通银行,6
622250,交通银行,交通银行,6
622251,交通银行,交通银行,6
622252,交通银行,交通银行,6
622253,交通银行,交通银行,6
622254,交通银行,交通银行,6
622255,交通银行,交通银行,6
622256,交通银行,交通银行,6
622257,交通银行,交通银行,6
622258,交通银行,交通银行,6
622259,交通银行,交通银行,6
622260,交通银行,交通银行,6
622261,交通银行,交通银行,6
622262,交通银行,交通银行,6
622284,交通银行,交通银行,6
622285,交通银行,交通银行,6
622656,交通银行,交通银行,6
623261,交通银行,交通银行,6
625028,交通银行,交通银行,6
625029,交通银行,交通银行,6
628216,交通银行,交通银行,6
628218,交通银行,交通银行,6
955590,交通银行,交通银行,6
955591,交通银行,交通银行,6
955592,交通银行,交通银行,6
955593,交通银行,交通银行,6
622338,焦作中旅银行,焦作中旅,6
623205,焦作中旅银行,焦作中旅,6
623511,焦作中旅银行,焦作中旅,6
940032,焦作中旅银行,焦作中旅,6
622449,金华银行,金华银行,6
622450,金华银行,金华银行,6
623067,金华银行,金华银行,6
628204,金华银行,金华银行,6
940051,金华银行,金华银行,6
622710,锦州银行,锦州银行,6
622990,锦州银行,锦州银行,6
623568,锦州银行,锦州银行,6
628261,锦州银行,锦州银行,6
628294,锦州银行,锦州银行,6
940003,锦州银行,锦州银行,6
622532,晋城银行,晋城银行,6
623197,晋城银行,晋城银行,6
621216,晋商银行,晋商银行,6
622465,晋商银行,晋商银行,6
623179,晋商银行,晋商银行,6
940031,晋商银行,晋商银行,6
621481,晋中市榆次融信村镇银行,晋中市榆,6
621223,晋中银行,晋中银行,6
621780,晋中银行,晋中银行,6
621359,景德镇市商业银行,景德镇市,6
623080,景德镇市商业银行,景德镇市,6
628361,景德镇市商业银行,景德镇市,6
622870,靖江市长江城市信用社,靖江市长,6
617010,九江银行,九江银行,6
617020,九江银行,九江银行,6
617030,九江银行,九江银行,6
622162,九江银行,九江银行,6
622307,九江银行,九江银行,6
623146,九江银行,九江银行,6
628238,九江银行,九江银行,6
621382,科尔沁包商村镇银行,科尔沁包,6
621224,可汗银行,可汗银行,6
622954,可汗银行,可汗银行,6
621263,库尔勒市商业银行,库尔勒市,6
621029,昆仑银行,昆仑银行,6
621766,昆仑银行,昆仑银行,6
623139,昆仑银行,昆仑银行,6
621355,昆山鹿城村镇银行,昆山鹿城,6
621355,昆山鹿城村镇银行有限责任公司,昆山鹿城,6
622443,昆山农村商业银行,昆山农村,6
623132,昆山农村商业银行,昆山农村,6
940029,昆山农村商业银行,昆山农村,6
940029,昆山农村信用社,昆山农村,6
621403,莱商银行,莱商银行,6
622864,莱商银行,莱商银行,6
628279,莱商银行,莱商银行,6
621242,兰州银行,兰州银行,6
621496,兰州银行,兰州银行,6
621538,兰州银行,兰州银行,6
622139,兰州银行,兰州银行,6
622416,兰州银行,兰州银行,6
623129,兰州银行,兰州银行,6
623275,兰州银行,兰州银行,6
628263,兰州银行,兰州银行,6
940040,兰州银行,兰州银行,6
621340,廊坊银行,廊坊银行,6
621341,廊坊银行,廊坊银行,6
622140,廊坊银行,廊坊银行,6
623073,廊坊银行,廊坊银行,6
621086,乐山市商业银行,乐山市商,6
621498,乐山市商业银行,乐山市商,6
621057,凉山州商业银行,凉山州商,6
623199,凉山州商业银行,凉山州商,6
621026,辽宁省农村信用社,辽宁省农,6
621449,辽宁省农村信用社,辽宁省农,6
628399,辽宁省农村信用社,辽宁省农,6
621026,辽宁省农村信用社联合社,辽宁省农,6
621449,辽宁省农村信用社联合社,辽宁省农,6
628399,辽宁省农村信用社联合社,辽宁省农,6
622399,辽阳银行,辽阳银行,6
623151,辽阳银行,辽阳银行,6
628309,辽阳银行,辽阳银行,6
940043,辽阳银行,辽阳银行,6
625158,临汾市尧都区惠都村镇银行,临汾市尧,6
628382,临汾市尧都区惠都村镇银行,临汾市尧,6
622359,临商银行,临商银行,6
623007,临商银行,临商银行,6
628359,临商银行,临商银行,6
940066,临商银行,临商银行,6
620118,柳州银行,柳州银行,6
621412,柳州银行,柳州银行,6
621689,柳州银行,柳州银行,6
622291,柳州银行,柳州银行,6
622292,柳州银行,柳州银行,6
622880,柳州银行,柳州银行,6
622881,柳州银行,柳州银行,6
628293,柳州银行,柳州银行,6
628373,柳州银行,柳州银行,6
621037,龙江银行,龙江银行,6
621097,龙江银行,龙江银行,6
621588,龙江银行,龙江银行,6
622270,龙江银行,龙江银行,6
622475,龙江银行,龙江银行,6
622644,龙江银行,龙江银行,6
622860,龙江银行,龙江银行,6
622977,龙江银行,龙江银行,6
623032,龙江银行,龙江银行,6
623216,龙江银行,龙江银行,6
623518,龙江银行,龙江银行,6
625090,龙江银行,龙江银行,6
625588,龙江银行,龙江银行,6
628333,龙江银行,龙江银行,6
628368,龙江银行,龙江银行,6
940019,龙江银行,龙江银行,6
622270,龙江银行（信用卡）,龙江银行,6
628368,龙江银行（信用卡）,龙江银行,6
622392,泸州市商业银行,泸州市商,6
623085,泸州市商业银行,泸州市商,6
622420,洛阳银行,洛阳银行,6
623118,洛阳银行,洛阳银行,6
940041,洛阳银行,洛阳银行,6
622382,美国银行,美国银行,6
622414,蒙古郭勒穆特银行,蒙古郭勒,6
622367,绵阳市商业银行,绵阳市商,6
622367,绵阳银行,绵阳银行,6
356856,民生银行,民生银行,6
356857,民生银行,民生银行,6
356858,民生银行,民生银行,6
356859,民生银行,民生银行,6
377152,民生银行,民生银行,6
377153,民生银行,民生银行,6
377155,民生银行,民生银行,6
377158,民生银行,民生银行,6
407405,民生银行,民生银行,6
415599,民生银行,民生银行,6
421393,民生银行,民生银行,6
421865,民生银行,民生银行,6
421869,民生银行,民生银行,6
421870,民生银行,民生银行,6
421871,民生银行,民生银行,6
427570,民生银行,民生银行,6
427571,民生银行,民生银行,6
464580,民生银行,民生银行,6
464581,民生银行,民生银行,6
472067,民生银行,民生银行,6
472068,民生银行,民生银行,6
512466,民生银行,民生银行,6
517636,民生银行,民生银行,6
523952,民生银行,民生银行,6
528948,民生银行,民生银行,6
545217,民生银行,民生银行,6
545392,民生银行,民生银行,6
545393,民生银行,民生银行,6
545431,民生银行,民生银行,6
545447,民生银行,民生银行,6
552288,民生银行,民生银行,6
553161,民生银行,民生银行,6
556610,民生银行,民生银行,6
621691,民生银行,民生银行,6
621692,民生银行,民生银行,6
622600,民生银行,民生银行,6
622601,民生银行,民生银行,6
622602,民生银行,民生银行,6
622603,民生银行,民生银行,6
622614,民生银行,民生银行,6
622615,民生银行,民生银行,6
622616,民生银行,民生银行,6
622617,民生银行,民生银行,6
622618,民生银行,民生银行,6
622619,民生银行,民生银行,6
622620,民生银行,民生银行,6
622621,民生银行,民生银行,6
622622,民生银行,民生银行,6
622623,民生银行,民生银行,6
623255,民生银行,民生银行,6
623258,民生银行,民生银行,6
623683,民生银行,民生银行,6
625188,民生银行,民生银行,6
625911,民生银行,民生银行,6
625912,民生银行,民生银行,6
625913,民生银行,民生银行,6
628258,民生银行,民生银行,6
900003,民生银行,民生银行,6
621696,民生银行,民生银行,6
377155,民生银行贷记卡（银联数据）,民生银行,6
545392,民生银行贷记卡（银联数据）,民生银行,6
621040,莫斯科人民储蓄银行,莫斯科人,6
622897,四川天府银行,四川天府,6
623072,四川天府银行,四川天府,6
940037,南海农商银行,南海农商,6
603128,南京银行,南京银行,6
621259,南京银行,南京银行,6
621777,南京银行,南京银行,6
622303,南京银行,南京银行,6
622305,南京银行,南京银行,6
622595,南京银行,南京银行,6
622596,南京银行,南京银行,6
628242,南京银行,南京银行,6
940010,南京银行,南京银行,6
621392,南阳村镇银行,南阳村镇,6
620208,南洋商业银行,南洋商业,6
620209,南洋商业银行,南洋商业,6
621042,南洋商业银行,南洋商业,6
621743,南洋商业银行,南洋商业,6
621783,南洋商业银行,南洋商业,6
622349,南洋商业银行,南洋商业,6
622350,南洋商业银行,南洋商业,6
622351,南洋商业银行,南洋商业,6
623041,南洋商业银行,南洋商业,6
623308,南洋商业银行,南洋商业,6
623555,南洋商业银行,南洋商业,6
625093,南洋商业银行,南洋商业,6
625095,南洋商业银行,南洋商业,6
620208,南洋商业银行（中国）,南洋商业,6
620209,南洋商业银行（中国）,南洋商业,6
621042,南洋商业银行（中国）,南洋商业,6
621213,南洋商业银行（中国）,南洋商业,6
621289,南洋商业银行（中国）,南洋商业,6
621290,南洋商业银行（中国）,南洋商业,6
621291,南洋商业银行（中国）,南洋商业,6
621292,南洋商业银行（中国）,南洋商业,6
621743,南洋商业银行（中国）,南洋商业,6
621783,南洋商业银行（中国）,南洋商业,6
622349,南洋商业银行（中国）,南洋商业,6
622350,南洋商业银行（中国）,南洋商业,6
622351,南洋商业银行（中国）,南洋商业,6
623041,南洋商业银行（中国）,南洋商业,6
623308,南洋商业银行（中国）,南洋商业,6
623555,南洋商业银行（中国）,南洋商业,6
625093,南洋商业银行（中国）,南洋商业,6
625095,南洋商业银行（中国）,南洋商业,6
621633,内蒙古银行,内蒙古银,6
622147,内蒙古银行,内蒙古银,6
623057,内蒙古银行,内蒙古银,6
628252,内蒙古银行,内蒙古银,6
621362,内蒙古自治区农村信用社,内蒙古自,6
621533,内蒙古自治区农村信用社,内蒙古自,6
621737,内蒙古自治区农村信用社,内蒙古自,6
622976,内蒙古自治区农村信用社,内蒙古自,6
621345,宁波东海银行,宁波东海,6
623167,宁波东海银行,宁波东海,6
621655,宁波通商银行,宁波通商,6
623537,宁波通商银行,宁波通商,6
512431,宁波银行,宁波银行,6
520194,宁波银行,宁波银行,6
620533,宁波银行,宁波银行,6
621279,宁波银行,宁波银行,6
621418,宁波银行,宁波银行,6
622281,宁波银行,宁波银行,6
622282,宁波银行,宁波银行,6
622316,宁波银行,宁波银行,6
622318,宁波银行,宁波银行,6
622778,宁波银行,宁波银行,6
623252,宁波银行,宁波银行,6
625903,宁波银行,宁波银行,6
628207,宁波银行,宁波银行,6
940022,宁波银行,宁波银行,6
620500,宁波鄞州农村合作银行,宁波鄞州,6
621024,宁波鄞州农村合作银行,宁波鄞州,6
622289,宁波鄞州农村合作银行,宁波鄞州,6
622389,宁波鄞州农村合作银行,宁波鄞州,6
628300,宁波鄞州农村合作银行,宁波鄞州,6
621561,宁夏黄河农村商业银行,宁夏黄河,6
622947,宁夏黄河农村商业银行,宁夏黄河,6
623095,宁夏黄河农村商业银行,宁夏黄河,6
625150,宁夏黄河农村商业银行,宁夏黄河,6
628326,宁夏黄河农村商业银行,宁夏黄河,6
621417,宁夏银行,宁夏银行,6
621529,宁夏银行,宁夏银行,6
622428,宁夏银行,宁夏银行,6
622429,宁夏银行,宁夏银行,6
623089,宁夏银行,宁夏银行,6
623200,宁夏银行,宁夏银行,6
625335,宁夏银行,宁夏银行,6
625529,宁夏银行,宁夏银行,6
628214,宁夏银行,宁夏银行,6
940045,宁夏银行,宁夏银行,6
103000,农业银行,农业银行,6
403361,农业银行,农业银行,6
404117,农业银行,农业银行,6
404118,农业银行,农业银行,6
404119,农业银行,农业银行,6
404120,农业银行,农业银行,6
404121,农业银行,农业银行,6
463758,农业银行,农业银行,6
491020,农业银行,农业银行,6
491021,农业银行,农业银行,6
491022,农业银行,农业银行,6
491023,农业银行,农业银行,6
491024,农业银行,农业银行,6
491025,农业银行,农业银行,6
491026,农业银行,农业银行,6
491027,农业银行,农业银行,6
491028,农业银行,农业银行,6
491029,农业银行,农业银行,6
514027,农业银行,农业银行,6
519412,农业银行,农业银行,6
519413,农业银行,农业银行,6
520082,农业银行,农业银行,6
520083,农业银行,农业银行,6
535910,农业银行,农业银行,6
535911,农业银行,农业银行,6
535912,农业银行,农业银行,6
535913,农业银行,农业银行,6
535914,农业银行,农业银行,6
535915,农业银行,农业银行,6
535916,农业银行,农业银行,6
535917,农业银行,农业银行,6
535918,农业银行,农业银行,6
535919,农业银行,农业银行,6
544243,农业银行,农业银行,6
548478,农业银行,农业银行,6
552599,农业银行,农业银行,6
558730,农业银行,农业银行,6
620059,农业银行,农业银行,6
620501,农业银行,农业银行,6
621282,农业银行,农业银行,6
621336,农业银行,农业银行,6
621619,农业银行,农业银行,6
621671,农业银行,农业银行,6
622820,农业银行,农业银行,6
622821,农业银行,农业银行,6
622822,农业银行,农业银行,6
622823,农业银行,农业银行,6
622824,农业银行,农业银行,6
622825,农业银行,农业银行,6
622826,农业银行,农业银行,6
622827,农业银行,农业银行,6
622828,农业银行,农业银行,6
622830,农业银行,农业银行,6
622836,农业银行,农业银行,6
622837,农业银行,农业银行,6
622838,农业银行,农业银行,6
622839,农业银行,农业银行,6
622840,农业银行,农业银行,6
622841,农业银行,农业银行,6
622842,农业银行,农业银行,6
622843,农业银行,农业银行,6
622844,农业银行,农业银行,6
622845,农业银行,农业银行,6
622846,农业银行,农业银行,6
622847,农业银行,农业银行,6
622848,农业银行,农业银行,6
622849,农业银行,农业银行,6
623018,农业银行,农业银行,6
623050,农业银行,农业银行,6
623052,农业银行,农业银行,6
623206,农业银行,农业银行,6
625170,农业银行,农业银行,6
625171,农业银行,农业银行,6
625336,农业银行,农业银行,6
625653,农业银行,农业银行,6
625826,农业银行,农业银行,6
625827,农业银行,农业银行,6
625996,农业银行,农业银行,6
625997,农业银行,农业银行,6
625998,农业银行,农业银行,6
628268,农业银行,农业银行,6
628269,农业银行,农业银行,6
628346,农业银行,农业银行,6
955990,农业银行,农业银行,6
955991,农业银行,农业银行,6
955992,农业银行,农业银行,6
955993,农业银行,农业银行,6
955994,农业银行,农业银行,6
955995,农业银行,农业银行,6
955996,农业银行,农业银行,6
955997,农业银行,农业银行,6
955998,农业银行,农业银行,6
955999,农业银行,农业银行,6
622829,农业银行,农业银行,6
544243,农业银行（信用卡）,农业银行,6
625998,农业银行（信用卡）,农业银行,6
622342,攀枝花市商业银行,攀枝花市,6
623048,攀枝花市商业银行,攀枝花市,6
621089,盘锦市商业银行,盘锦市商,6
623161,盘锦市商业银行,盘锦市商,6
621399,彭州民生村镇银行,彭州民生,6
356868,平安银行,平安银行,6
356869,平安银行,平安银行,6
412962,平安银行,平安银行,6
412963,平安银行,平安银行,6
415752,平安银行,平安银行,6
415753,平安银行,平安银行,6
435744,平安银行,平安银行,6
435745,平安银行,平安银行,6
483536,平安银行,平安银行,6
526855,平安银行,平安银行,6
528020,平安银行,平安银行,6
531659,平安银行,平安银行,6
602907,平安银行,平安银行,6
620010,平安银行,平安银行,6
621626,平安银行,平安银行,6
622155,平安银行,平安银行,6
622156,平安银行,平安银行,6
622157,平安银行,平安银行,6
622298,平安银行,平安银行,6
622525,平安银行,平安银行,6
622526,平安银行,平安银行,6
622535,平安银行,平安银行,6
622536,平安银行,平安银行,6
622538,平安银行,平安银行,6
622539,平安银行,平安银行,6
622983,平安银行,平安银行,6
622986,平安银行,平安银行,6
622989,平安银行,平安银行,6
623058,平安银行,平安银行,6
623269,平安银行,平安银行,6
625360,平安银行,平安银行,6
625361,平安银行,平安银行,6
625823,平安银行,平安银行,6
625825,平安银行,平安银行,6
627066,平安银行,平安银行,6
627067,平安银行,平安银行,6
627068,平安银行,平安银行,6
627069,平安银行,平安银行,6
628296,平安银行,平安银行,6
998800,平安银行,平安银行,6
998801,平安银行,平安银行,6
998802,平安银行,平安银行,6
621071,平顶山银行,平顶山银,6
623152,平顶山银行,平顶山银,6
628339,平顶山银行,平顶山银,6
622432,葡国储蓄信贷银行,葡国储蓄,6
621601,濮阳银行,濮阳银行,6
356850,浦发银行,浦发银行,6
356851,浦发银行,浦发银行,6
356852,浦发银行,浦发银行,6
377187,浦发银行,浦发银行,6
404738,浦发银行,浦发银行,6
404739,浦发银行,浦发银行,6
418152,浦发银行,浦发银行,6
456418,浦发银行,浦发银行,6
498451,浦发银行,浦发银行,6
515672,浦发银行,浦发银行,6
517650,浦发银行,浦发银行,6
525998,浦发银行,浦发银行,6
620530,浦发银行,浦发银行,6
621351,浦发银行,浦发银行,6
621352,浦发银行,浦发银行,6
621390,浦发银行,浦发银行,6
621791,浦发银行,浦发银行,6
621792,浦发银行,浦发银行,6
621793,浦发银行,浦发银行,6
621795,浦发银行,浦发银行,6
621796,浦发银行,浦发银行,6
622176,浦发银行,浦发银行,6
622177,浦发银行,浦发银行,6
622228,浦发银行,浦发银行,6
622276,浦发银行,浦发银行,6
622277,浦发银行,浦发银行,6
622500,浦发银行,浦发银行,6
622516,浦发银行,浦发银行,6
622517,浦发银行,浦发银行,6
622518,浦发银行,浦发银行,6
622519,浦发银行,浦发银行,6
622520,浦发银行,浦发银行,6
622521,浦发银行,浦发银行,6
622522,浦发银行,浦发银行,6
622523,浦发银行,浦发银行,6
622693,浦发银行,浦发银行,6
623250,浦发银行,浦发银行,6
625831,浦发银行,浦发银行,6
625833,浦发银行,浦发银行,6
625957,浦发银行,浦发银行,6
625958,浦发银行,浦发银行,6
625970,浦发银行,浦发银行,6
625971,浦发银行,浦发银行,6
625993,浦发银行,浦发银行,6
628221,浦发银行,浦发银行,6
628222,浦发银行,浦发银行,6
843010,浦发银行,浦发银行,6
843011,浦发银行,浦发银行,6
843012,浦发银行,浦发银行,6
843013,浦发银行,浦发银行,6
843014,浦发银行,浦发银行,6
843015,浦发银行,浦发银行,6
843016,浦发银行,浦发银行,6
843017,浦发银行,浦发银行,6
843018,浦发银行,浦发银行,6
843019,浦发银行,浦发银行,6
843360,浦发银行,浦发银行,6
843420,浦发银行,浦发银行,6
843610,浦发银行,浦发银行,6
843730,浦发银行,浦发银行,6
843800,浦发银行,浦发银行,6
843850,浦发银行,浦发银行,6
843900,浦发银行,浦发银行,6
870000,浦发银行,浦发银行,6
870100,浦发银行,浦发银行,6
870300,浦发银行,浦发银行,6
870400,浦发银行,浦发银行,6
870500,浦发银行,浦发银行,6
984301,浦发银行,浦发银行,6
984303,浦发银行,浦发银行,6
622379,齐鲁银行,齐鲁银行,6
628379,齐鲁银行,齐鲁银行,6
940008,齐鲁银行,齐鲁银行,6
622311,齐商银行,齐商银行,6
623119,齐商银行,齐商银行,6
628311,齐商银行,齐商银行,6
940057,齐商银行,齐商银行,6
621651,企业银行,企业银行,6
621651,企业银行（中国）,企业银行,6
623003,秦皇岛市商业银行,秦皇岛市,6
621237,秦皇岛银行,秦皇岛银,6
623003,秦皇岛银行,秦皇岛银,6
628357,秦皇岛银行,秦皇岛银,6
620551,青岛银行,青岛银行,6
621252,青岛银行,青岛银行,6
621419,青岛银行,青岛银行,6
622146,青岛银行,青岛银行,6
623170,青岛银行,青岛银行,6
628239,青岛银行,青岛银行,6
940061,青岛银行,青岛银行,6
621065,青海省农村信用社,青海省农,6
621517,青海省农村信用社,青海省农,6
623017,青海省农村信用社,青海省农,6
623213,青海省农村信用社,青海省农,6
628289,青海省农村信用社,青海省农,6
621065,青海省农村信用社联合社,青海省农,6
621517,青海省农村信用社联合社,青海省农,6
623017,青海省农村信用社联合社,青海省农,6
623213,青海省农村信用社联合社,青海省农,6
628289,青海省农村信用社联合社,青海省农,6
623017,青海省农信社,青海省农,6
622310,青海银行,青海银行,6
622817,青海银行,青海银行,6
623599,青海银行,青海银行,6
625959,青海银行,青海银行,6
628287,青海银行,青海银行,6
940068,青海银行,青海银行,6
621497,曲靖市商业银行,曲靖市商,6
622777,曲靖市商业银行,曲靖市商,6
623606,曲阳中成村镇银行,曲阳中成,6
621437,泉州银行,泉州银行,6
622370,泉州银行,泉州银行,6
628319,泉州银行,泉州银行,6
683970,泉州银行,泉州银行,6
940074,泉州银行,泉州银行,6
622920,日本三井住友卡公司,日本三井,6
622857,日照银行,日照银行,6
623077,日照银行,日照银行,6
628257,日照银行,日照银行,6
940065,日照银行,日照银行,6
622441,三门峡市城市信用社,三门峡市,6
621310,三水珠江村镇银行,三水珠江,6
623623,厦门国际银行,厦门国际,6
621600,厦门银行,厦门银行,6
622393,厦门银行,厦门银行,6
623019,厦门银行,厦门银行,6
940023,厦门银行,厦门银行,6
621521,山东省农村信用社,山东省农,6
621551,山东省农村信用社,山东省农,6
621690,山东省农村信用社,山东省农,6
622319,山东省农村信用社,山东省农,6
622320,山东省农村信用社,山东省农,6
628375,山东省农村信用社,山东省农,6
900105,山东省农村信用社,山东省农,6
900205,山东省农村信用社,山东省农,6
621521,山东省农村信用社联合社,山东省农,6
621690,山东省农村信用社联合社,山东省农,6
622320,山东省农村信用社联合社,山东省农,6
628375,山东省农村信用社联合社,山东省农,6
621280,山西省农村信用社,山西省农,6
621580,山西省农村信用社,山西省农,6
622882,山西省农村信用社,山西省农,6
622968,山西省农村信用社,山西省农,6
623051,山西省农村信用社,山西省农,6
621580,山西省农村信用社联合社,山西省农,6
622968,山西省农村信用社联合社,山西省农,6
623051,山西省农村信用社联合社,山西省农,6
622882,山西尧都村镇银行,山西尧都,6
621566,陕西省农村信用社,陕西省农,6
622506,陕西省农村信用社,陕西省农,6
623027,陕西省农村信用社,陕西省农,6
623028,陕西省农村信用社,陕西省农,6
628323,陕西省农村信用社,陕西省农,6
623622,上海华瑞银行,上海华瑞,6
622611,上海农村商业行贷记卡(银联数据),上海农村,6
621495,上海农村商业银行,上海农村,6
621688,上海农村商业银行,上海农村,6
622478,上海农村商业银行,上海农村,6
622722,上海农村商业银行,上海农村,6
623162,上海农村商业银行,上海农村,6
628211,上海农村商业银行,上海农村,6
940013,上海农村商业银行,上海农村,6
621495,上海农商银行,上海农商,6
621688,上海农商银行,上海农商,6
622478,上海农商银行,上海农商,6
622611,上海农商银行,上海农商,6
622722,上海农商银行,上海农商,6
623162,上海农商银行,上海农商,6
623552,上海农商银行,上海农商,6
625500,上海农商银行,上海农商,6
625701,上海农商银行,上海农商,6
625989,上海农商银行,上海农商,6
628211,上海农商银行,上海农商,6
940013,上海农商银行,上海农商,6
622611,上海农商银行贷记卡,上海农商,6
622722,上海农商银行贷记卡,上海农商,6
625500,上海农商银行贷记卡,上海农商,6
625701,上海农商银行贷记卡,上海农商,6
625989,上海农商银行贷记卡,上海农商,6
628211,上海农商银行贷记卡,上海农商,6
356827,上海银行,上海银行,6
356828,上海银行,上海银行,6
356829,上海银行,上海银行,6
356830,上海银行,上海银行,6
402673,上海银行,上海银行,6
402674,上海银行,上海银行,6
438600,上海银行,上海银行,6
486466,上海银行,上海银行,6
519498,上海银行,上海银行,6
519961,上海银行,上海银行,6
520131,上海银行,上海银行,6
524031,上海银行,上海银行,6
548838,上海银行,上海银行,6
620522,上海银行,上海银行,6
621005,上海银行,上海银行,6
621034,上海银行,上海银行,6
621050,上海银行,上海银行,6
621243,上海银行,上海银行,6
622148,上海银行,上海银行,6
622149,上海银行,上海银行,6
622172,上海银行,上海银行,6
622267,上海银行,上海银行,6
622268,上海银行,上海银行,6
622269,上海银行,上海银行,6
622278,上海银行,上海银行,6
622279,上海银行,上海银行,6
622300,上海银行,上海银行,6
622386,上海银行,上海银行,6
622468,上海银行,上海银行,6
622892,上海银行,上海银行,6
622952,上海银行,上海银行,6
622985,上海银行,上海银行,6
622987,上海银行,上海银行,6
623183,上海银行,上海银行,6
623185,上海银行,上海银行,6
625099,上海银行,上海银行,6
625107,上海银行,上海银行,6
625180,上海银行,上海银行,6
625350,上海银行,上海银行,6
625351,上海银行,上海银行,6
625352,上海银行,上海银行,6
625839,上海银行,上海银行,6
625953,上海银行,上海银行,6
628230,上海银行,上海银行,6
682900,上海银行,上海银行,6
940021,上海银行,上海银行,6
621014,上海银行,上海银行,6
524031,上海银行信用卡中心,上海银行,6
621014,上饶银行,上饶银行,6
621416,上饶银行,上饶银行,6
628223,上饶银行,上饶银行,6
603602,绍兴银行,绍兴银行,6
622486,绍兴银行,绍兴银行,6
623026,绍兴银行,绍兴银行,6
623086,绍兴银行,绍兴银行,6
628291,绍兴银行,绍兴银行,6
621623,深圳南山宝生村镇银行,深圳南山,6
621623,深圳南山宝生村镇银行 ,深圳南山,6
621623,"深圳南山宝生村镇银行	",深圳南山,6
584016,深圳农村商业银行,深圳农村,6
622128,深圳农村商业银行,深圳农村,6
622129,深圳农村商业银行,深圳农村,6
623035,深圳农村商业银行,深圳农村,6
623186,深圳农村商业银行,深圳农村,6
625169,深圳农村商业银行,深圳农村,6
623633,深圳前海微众银行,深圳前海,6
584016,深圳市农村信用社,深圳市农,6
622129,深圳市农村信用社,深圳市农,6
621681,沈阳于洪永安村镇银行,沈阳于洪,6
566666,盛京银行,盛京银行,6
621244,盛京银行,盛京银行,6
622455,盛京银行,盛京银行,6
622466,盛京银行,盛京银行,6
622955,盛京银行,盛京银行,6
623081,盛京银行,盛京银行,6
623108,盛京银行,盛京银行,6
628285,盛京银行,盛京银行,6
940039,盛京银行,盛京银行,6
622940,石嘴山城市信用社,石嘴山城,6
622940,石嘴山银行,石嘴山银,6
623120,石嘴山银行,石嘴山银,6
628355,石嘴山银行,石嘴山银,6
621219,寿光张农商村镇银行,寿光张农,6
621033,四川省农村信用社,四川省农,6
621099,四川省农村信用社,四川省农,6
621457,四川省农村信用社,四川省农,6
621459,四川省农村信用社,四川省农,6
621530,四川省农村信用社,四川省农,6
623201,四川省农村信用社,四川省农,6
623256,四川省农村信用社,四川省农,6
625097,四川省农村信用社,四川省农,6
628297,四川省农村信用社,四川省农,6
621033,四川省农村信用社联合社,四川省农,6
621099,四川省农村信用社联合社,四川省农,6
621457,四川省农村信用社联合社,四川省农,6
621459,四川省农村信用社联合社,四川省农,6
621530,四川省农村信用社联合社,四川省农,6
623201,四川省农村信用社联合社,四川省农,6
623256,四川省农村信用社联合社,四川省农,6
625097,四川省农村信用社联合社,四川省农,6
628297,四川省农村信用社联合社,四川省农,6
603506,苏州银行,苏州银行,6
621241,苏州银行,苏州银行,6
621461,苏州银行,苏州银行,6
622855,苏州银行,苏州银行,6
623521,苏州银行,苏州银行,6
625166,苏州银行,苏州银行,6
621090,遂宁市商业银行,遂宁市商,6
623178,遂宁市商业银行,遂宁市商,6
622321,台州银行,台州银行,6
622427,台州银行,台州银行,6
623039,台州银行,台州银行,6
625001,台州银行,台州银行,6
628273,台州银行,台州银行,6
940069,台州银行,台州银行,6
622869,太仓农村商业银行,太仓农村,6
623075,太仓农村商业银行,太仓农村,6
628284,泰安市商业银行,泰安市商,6
622972,泰安银行,泰安银行,6
623196,泰安银行,泰安银行,6
628284,泰安银行,泰安银行,6
622167,唐山银行,唐山银行,6
623193,唐山银行,唐山银行,6
621073,天津滨海农村商业银行,天津滨海,6
623109,天津滨海农村商业银行,天津滨海,6
623616,天津金城商业银行,天津金城,6
622329,天津农村商业银行,天津农村,6
622531,天津农村商业银行,天津农村,6
622829,天津农村商业银行,天津农村,6
623103,天津农村商业银行,天津农村,6
625819,天津农村商业银行,天津农村,6
628301,天津农村商业银行,天津农村,6
622531,天津市农村信用社,天津市农,6
621452,天津银行,天津银行,6
622331,天津银行,天津银行,6
622426,天津银行,天津银行,6
623554,天津银行,天津银行,6
623574,天津银行,天津银行,6
625995,天津银行,天津银行,6
628205,天津银行,天津银行,6
940015,天津银行,天津银行,6
621038,铁岭银行,铁岭银行,6
623180,铁岭银行,铁岭银行,6
622411,威海市商业银行,威海市商,6
623102,威海市商业银行,威海市商,6
628234,威海市商业银行,威海市商,6
990631,威海市商业银行,威海市商,6
622391,潍坊银行,潍坊银行,6
628391,潍坊银行,潍坊银行,6
940072,潍坊银行,潍坊银行,6
623632,温州民商,温州民商,6
621977,温州银行,温州银行,6
622868,温州银行,温州银行,6
622899,温州银行,温州银行,6
623112,温州银行,温州银行,6
623578,温州银行,温州银行,6
625988,温州银行,温州银行,6
628255,温州银行,温州银行,6
621650,文昌国民村镇银行,文昌国民,6
621650,文昌国民村镇银行有限责任公司,文昌国民,6
622973,乌海银行,乌海银行,6
623153,乌海银行,乌海银行,6
621751,乌鲁木齐市商业银行,乌鲁木齐,6
621754,乌鲁木齐市商业银行,乌鲁木齐,6
622143,乌鲁木齐市商业银行,乌鲁木齐,6
622476,乌鲁木齐市商业银行,乌鲁木齐,6
625135,乌鲁木齐市商业银行,乌鲁木齐,6
625155,乌鲁木齐市商业银行,乌鲁木齐,6
625502,乌鲁木齐市商业银行,乌鲁木齐,6
625503,乌鲁木齐市商业银行,乌鲁木齐,6
628278,乌鲁木齐市商业银行,乌鲁木齐,6
940001,乌鲁木齐市商业银行,乌鲁木齐,6
622569,无锡农村商业银行,无锡农村,6
622895,无锡农村商业银行,无锡农村,6
623125,无锡农村商业银行,无锡农村,6
628369,无锡农村商业银行,无锡农村,6
622488,吴江农村商业银行,吴江农村,6
622648,吴江农村商业银行,吴江农村,6
623110,吴江农村商业银行,吴江农村,6
628248,吴江农村商业银行,吴江农村,6
623110,吴江农商行,吴江农商,6
623110,"吴江农商行	",吴江农商,6
621361,武汉农村商业银行,武汉农村,6
623033,武汉农村商业银行,武汉农村,6
623207,武汉农村商业银行,武汉农村,6
625156,武汉农村商业银行,武汉农村,6
940044,武汉农村商业银行,武汉农村,6
622566,武汉农村商业银行,武汉农村,6
622567,武汉农村商业银行,武汉农村,6
622625,武汉农村商业银行,武汉农村,6
622626,武汉农村商业银行,武汉农村,6
628200,武汉农村商业银行,武汉农村,6
990027,武汉农村商业银行,武汉农村,6
940044,武汉农村信用社,武汉农村,6
622891,武进农村商业银行,武进农村,6
622136,西安银行,西安银行,6
622981,西安银行,西安银行,6
623165,西安银行,西安银行,6
625167,西安银行,西安银行,6
628345,西安银行,西安银行,6
940059,西安银行,西安银行,6
621391,西藏银行,西藏银行,6
621072,新韩银行,新韩银行,6
622433,新加坡大华银行,新加坡大,6
621339,新疆汇和银行,新疆汇和,6
621008,新疆自治区农村信用合作联社,新疆自治,6
621287,新疆自治区农村信用合作联社,新疆自治,6
621525,新疆自治区农村信用合作联社,新疆自治,6
628277,新疆自治区农村信用合作联社,新疆自治,6
621008,新疆自治区农村信用社,新疆自治,6
621287,新疆自治区农村信用社,新疆自治,6
621525,新疆自治区农村信用社,新疆自治,6
628277,新疆自治区农村信用社,新疆自治,6
621015,星展银行,星展银行,6
621016,星展银行,星展银行,6
622487,星展银行,星展银行,6
622490,星展银行,星展银行,6
622491,星展银行,星展银行,6
622492,星展银行,星展银行,6
623187,星展银行,星展银行,6
620528,邢台银行,邢台银行,6
621238,邢台银行,邢台银行,6
628325,邢台银行,邢台银行,6
438588,兴业银行,兴业银行,6
438589,兴业银行,兴业银行,6
451289,兴业银行,兴业银行,6
451290,兴业银行,兴业银行,6
456660,兴业银行,兴业银行,6
456950,兴业银行,兴业银行,6
458020,兴业银行,兴业银行,6
461982,兴业银行,兴业银行,6
486493,兴业银行,兴业银行,6
486494,兴业银行,兴业银行,6
486861,兴业银行,兴业银行,6
523036,兴业银行,兴业银行,6
524070,兴业银行,兴业银行,6
527414,兴业银行,兴业银行,6
528057,兴业银行,兴业银行,6
548738,兴业银行,兴业银行,6
549633,兴业银行,兴业银行,6
552398,兴业银行,兴业银行,6
590592,兴业银行,兴业银行,6
622571,兴业银行,兴业银行,6
622572,兴业银行,兴业银行,6
622573,兴业银行,兴业银行,6
622591,兴业银行,兴业银行,6
622592,兴业银行,兴业银行,6
622593,兴业银行,兴业银行,6
622901,兴业银行,兴业银行,6
622902,兴业银行,兴业银行,6
622908,兴业银行,兴业银行,6
622909,兴业银行,兴业银行,6
622922,兴业银行,兴业银行,6
625082,兴业银行,兴业银行,6
625083,兴业银行,兴业银行,6
625084,兴业银行,兴业银行,6
625085,兴业银行,兴业银行,6
625086,兴业银行,兴业银行,6
625087,兴业银行,兴业银行,6
625353,兴业银行,兴业银行,6
625356,兴业银行,兴业银行,6
625960,兴业银行,兴业银行,6
625961,兴业银行,兴业银行,6
625962,兴业银行,兴业银行,6
625963,兴业银行,兴业银行,6
628212,兴业银行,兴业银行,6
905920,兴业银行,兴业银行,6
905921,兴业银行,兴业银行,6
905922,兴业银行,兴业银行,6
905923,兴业银行,兴业银行,6
905924,兴业银行,兴业银行,6
905925,兴业银行,兴业银行,6
905926,兴业银行,兴业银行,6
905927,兴业银行,兴业银行,6
905928,兴业银行,兴业银行,6
905929,兴业银行,兴业银行,6
966666,兴业银行,兴业银行,6
528057,兴业银行贷记卡（银联数据）,兴业银行,6
621325,雅安市商业银行,雅安市商,6
623084,雅安市商业银行,雅安市商,6
622886,烟台银行,烟台银行,6
623533,烟台银行,烟台银行,6
940028,烟台银行,烟台银行,6
621272,阳泉市商业银行,阳泉市商,6
621738,阳泉市商业银行,阳泉市商,6
621273,宜宾市商业银行,宜宾市商,6
623079,宜宾市商业银行,宜宾市商,6
622135,宜宾市商业银行,宜宾市商,6
622396,宜昌市商业银行,宜昌市商,6
622397,宜昌市商业银行,宜昌市商,6
622511,宜昌市商业银行,宜昌市商,6
940055,宜昌市商业银行,宜昌市商,6
622339,鄞州农村合作银行,鄞州农村,6
623539,鄞州农村合作银行,鄞州农村,6
620500,鄞州银行,鄞州银行,6
621024,鄞州银行,鄞州银行,6
622289,鄞州银行,鄞州银行,6
622339,鄞州银行,鄞州银行,6
622389,鄞州银行,鄞州银行,6
623539,鄞州银行,鄞州银行,6
628300,鄞州银行,鄞州银行,6
620063,营口沿海银行,营口沿海,6
621348,营口沿海银行,营口沿海,6
622400,营口银行,营口银行,6
623177,营口银行,营口银行,6
628264,营口银行,营口银行,6
940075,营口银行,营口银行,6
621298,永亨银行,永亨银行,6
622798,永亨银行,永亨银行,6
622861,永亨银行,永亨银行,6
622871,永亨银行,永亨银行,6
622957,永亨银行,永亨银行,6
622958,永亨银行,永亨银行,6
622963,永亨银行,永亨银行,6
625010,永亨银行,永亨银行,6
621298,永亨银行（中国）,永亨银行,6
622387,永隆银行,永隆银行,6
622423,永隆银行,永隆银行,6
622970,永隆银行,永隆银行,6
622971,永隆银行,永隆银行,6
625062,永隆银行,永隆银行,6
625063,永隆银行,永隆银行,6
518905,邮政储蓄银行,邮政储蓄,6
605810,邮政储蓄银行,邮政储蓄,6
610981,邮政储蓄银行,邮政储蓄,6
620062,邮政储蓄银行,邮政储蓄,6
620198,邮政储蓄银行,邮政储蓄,6
620529,邮政储蓄银行,邮政储蓄,6
621095,邮政储蓄银行,邮政储蓄,6
621096,邮政储蓄银行,邮政储蓄,6
621098,邮政储蓄银行,邮政储蓄,6
621285,邮政储蓄银行,邮政储蓄,6
621599,邮政储蓄银行,邮政储蓄,6
621622,邮政储蓄银行,邮政储蓄,6
621674,邮政储蓄银行,邮政储蓄,6
621797,邮政储蓄银行,邮政储蓄,6
621798,邮政储蓄银行,邮政储蓄,6
621799,邮政储蓄银行,邮政储蓄,6
622150,邮政储蓄银行,邮政储蓄,6
622151,邮政储蓄银行,邮政储蓄,6
622180,邮政储蓄银行,邮政储蓄,6
622181,邮政储蓄银行,邮政储蓄,6
622182,邮政储蓄银行,邮政储蓄,6
622187,邮政储蓄银行,邮政储蓄,6
622188,邮政储蓄银行,邮政储蓄,6
622189,邮政储蓄银行,邮政储蓄,6
622199,邮政储蓄银行,邮政储蓄,6
622810,邮政储蓄银行,邮政储蓄,6
622811,邮政储蓄银行,邮政储蓄,6
622812,邮政储蓄银行,邮政储蓄,6
623218,邮政储蓄银行,邮政储蓄,6
623219,邮政储蓄银行,邮政储蓄,6
623686,邮政储蓄银行,邮政储蓄,6
623698,邮政储蓄银行,邮政储蓄,6
623699,邮政储蓄银行,邮政储蓄,6
625367,邮政储蓄银行,邮政储蓄,6
625368,邮政储蓄银行,邮政储蓄,6
625586,邮政储蓄银行,邮政储蓄,6
625919,邮政储蓄银行,邮政储蓄,6
628310,邮政储蓄银行,邮政储蓄,6
955100,邮政储蓄银行,邮政储蓄,6
628310,邮政储蓄银行信用卡中心(61000000),邮政储蓄,6
621060,友利银行,友利银行,6
623551,友利银行,友利银行,6
622980,云南红塔银行,云南红塔,6
623135,云南红塔银行,云南红塔,6
628351,云南红塔银行,云南红塔,6
018572,云南省农村信用社,云南省农,6
185720,云南省农村信用社,云南省农,6
621017,云南省农村信用社,云南省农,6
622369,云南省农村信用社,云南省农,6
622469,云南省农村信用社,云南省农,6
623190,云南省农村信用社,云南省农,6
628307,云南省农村信用社,云南省农,6
940042,云南省农村信用社,云南省农,6
623087,枣庄银行,枣庄银行,6
622484,渣打银行,渣打银行,6
622583,渣打银行,渣打银行,6
622584,渣打银行,渣打银行,6
622942,渣打银行,渣打银行,6
622948,渣打银行,渣打银行,6
622994,渣打银行,渣打银行,6
622332,张家港农村商业银行,张家港农,6
623123,张家港农村商业银行,张家港农,6
940063,张家港农村商业银行,张家港农,6
622332,张家港农商银行,张家港农,6
623123,张家港农商银行,张家港农,6
940063,张家港农商银行,张家港农,6
622332,张家港市农村商业银行,张家港市,6
623123,张家港市农村商业银行,张家港市,6
940063,张家港市农村商业银行,张家港市,6
622332,张家港市农村商业银行 ,张家港市,6
623123,张家港市农村商业银行 ,张家港市,6
940063,张家港市农村商业银行 ,张家港市,6
621413,张家口市商业银行,张家口市,6
622982,张家口市商业银行,张家口市,6
628365,张家口市商业银行,张家口市,6
621413,张家口银行,张家口银,6
622982,张家口银行,张家口银,6
628365,张家口银行,张家口银,6
621296,长安银行,长安银行,6
621448,长安银行,长安银行,6
628385,长安银行,长安银行,6
622561,长城华西银行,长城华西,6
622562,长城华西银行,长城华西,6
622563,长城华西银行,长城华西,6
623117,长葛轩辕村镇银行,长葛轩辕,6
620519,长沙银行,长沙银行,6
621446,长沙银行,长沙银行,6
621739,长沙银行,长沙银行,6
622368,长沙银行,长沙银行,6
622806,长沙银行,长沙银行,6
622898,长沙银行,长沙银行,6
622900,长沙银行,长沙银行,6
625901,长沙银行,长沙银行,6
628281,长沙银行,长沙银行,6
628282,长沙银行,长沙银行,6
628283,长沙银行,长沙银行,6
694301,长沙银行,长沙银行,6
940071,长沙银行,长沙银行,6
628283,长沙银行（信用卡）,长沙银行,6
622962,长冶银行,长冶银行,6
622962,长治银行,长治银行,6
623509,长治银行,长治银行,6
356885,招商银行,招商银行,6
356886,招商银行,招商银行,6
356887,招商银行,招商银行,6
356888,招商银行,招商银行,6
356889,招商银行,招商银行,6
356890,招商银行,招商银行,6
370285,招商银行,招商银行,6
370286,招商银行,招商银行,6
370287,招商银行,招商银行,6
370289,招商银行,招商银行,6
402658,招商银行,招商银行,6
410062,招商银行,招商银行,6
429930,招商银行,招商银行,6
429931,招商银行,招商银行,6
429932,招商银行,招商银行,6
429933,招商银行,招商银行,6
429934,招商银行,招商银行,6
439188,招商银行,招商银行,6
439225,招商银行,招商银行,6
439226,招商银行,招商银行,6
439227,招商银行,招商银行,6
439228,招商银行,招商银行,6
439229,招商银行,招商银行,6
468203,招商银行,招商银行,6
479228,招商银行,招商银行,6
479229,招商银行,招商银行,6
512425,招商银行,招商银行,6
518710,招商银行,招商银行,6
518718,招商银行,招商银行,6
521302,招商银行,招商银行,6
524011,招商银行,招商银行,6
545619,招商银行,招商银行,6
545620,招商银行,招商银行,6
545621,招商银行,招商银行,6
545622,招商银行,招商银行,6
545623,招商银行,招商银行,6
545947,招商银行,招商银行,6
545948,招商银行,招商银行,6
552534,招商银行,招商银行,6
552580,招商银行,招商银行,6
552581,招商银行,招商银行,6
552582,招商银行,招商银行,6
552583,招商银行,招商银行,6
552584,招商银行,招商银行,6
552585,招商银行,招商银行,6
552586,招商银行,招商银行,6
552587,招商银行,招商银行,6
552588,招商银行,招商银行,6
552589,招商银行,招商银行,6
620520,招商银行,招商银行,6
621286,招商银行,招商银行,6
621299,招商银行,招商银行,6
621483,招商银行,招商银行,6
621485,招商银行,招商银行,6
621486,招商银行,招商银行,6
622575,招商银行,招商银行,6
622576,招商银行,招商银行,6
622577,招商银行,招商银行,6
622578,招商银行,招商银行,6
622579,招商银行,招商银行,6
622580,招商银行,招商银行,6
622581,招商银行,招商银行,6
622582,招商银行,招商银行,6
622588,招商银行,招商银行,6
622598,招商银行,招商银行,6
622609,招商银行,招商银行,6
623074,招商银行,招商银行,6
623126,招商银行,招商银行,6
623136,招商银行,招商银行,6
623262,招商银行,招商银行,6
625802,招商银行,招商银行,6
625803,招商银行,招商银行,6
628262,招商银行,招商银行,6
628290,招商银行,招商银行,6
628362,招商银行,招商银行,6
645621,招商银行,招商银行,6
690755,招商银行,招商银行,6
955550,招商银行,招商银行,6
955551,招商银行,招商银行,6
955552,招商银行,招商银行,6
955553,招商银行,招商银行,6
955554,招商银行,招商银行,6
955555,招商银行,招商银行,6
955556,招商银行,招商银行,6
955557,招商银行,招商银行,6
955558,招商银行,招商银行,6
955559,招商银行,招商银行,6
621276,招商银行,招商银行,6
621438,招商银行,招商银行,6
370286,招商银行（信用卡）,招商银行,6
621028,浙江稠州商业银行,浙江稠州,6
623083,浙江稠州商业银行,浙江稠州,6
628250,浙江稠州商业银行,浙江稠州,6
621028,浙江稠州市商业银行,浙江稠州,6
623083,浙江稠州市商业银行,浙江稠州,6
621365,浙江建德湖商村镇银行股份有限公司,浙江建德,6
620517,浙江民泰商业银行,浙江民泰,6
621088,浙江民泰商业银行,浙江民泰,6
621726,浙江民泰商业银行,浙江民泰,6
622740,浙江民泰商业银行,浙江民泰,6
625036,浙江民泰商业银行,浙江民泰,6
621230,浙江平湖工商银行村镇银行,浙江平湖,6
621058,浙江省农村信用社,浙江省农,6
621527,浙江省农村信用社,浙江省农,6
621537,浙江省农村信用社,浙江省农,6
621736,浙江省农村信用社,浙江省农,6
622288,浙江省农村信用社,浙江省农,6
622686,浙江省农村信用社,浙江省农,6
622858,浙江省农村信用社,浙江省农,6
623091,浙江省农村信用社,浙江省农,6
623540,浙江省农村信用社,浙江省农,6
628280,浙江省农村信用社,浙江省农,6
621480,浙江泰隆商业银行,浙江泰隆,6
622141,浙江泰隆商业银行,浙江泰隆,6
622287,浙江泰隆商业银行,浙江泰隆,6
622565,浙江泰隆商业银行,浙江泰隆,6
622717,浙江泰隆商业银行,浙江泰隆,6
628275,浙江泰隆商业银行,浙江泰隆,6
621019,浙商银行,浙商银行,6
622309,浙商银行,浙商银行,6
625821,浙商银行,浙商银行,6
622421,郑州银行,郑州银行,6
623531,郑州银行,郑州银行,6
625163,郑州银行,郑州银行,6
940056,郑州银行,郑州银行,6
623526,中德住房储蓄银行,中德住房,6
325959,中国银行,中国银行,6
356833,中国银行,中国银行,6
356835,中国银行,中国银行,6
377677,中国银行,中国银行,6
400937,中国银行,中国银行,6
400938,中国银行,中国银行,6
400939,中国银行,中国银行,6
400940,中国银行,中国银行,6
400941,中国银行,中国银行,6
400942,中国银行,中国银行,6
409665,中国银行,中国银行,6
409666,中国银行,中国银行,6
409667,中国银行,中国银行,6
409668,中国银行,中国银行,6
409669,中国银行,中国银行,6
409670,中国银行,中国银行,6
409671,中国银行,中国银行,6
409672,中国银行,中国银行,6
424106,中国银行,中国银行,6
424107,中国银行,中国银行,6
424108,中国银行,中国银行,6
424109,中国银行,中国银行,6
424110,中国银行,中国银行,6
424111,中国银行,中国银行,6
424902,中国银行,中国银行,6
438088,中国银行,中国银行,6
451291,中国银行,中国银行,6
456351,中国银行,中国银行,6
466245,中国银行,中国银行,6
493878,中国银行,中国银行,6
512315,中国银行,中国银行,6
512316,中国银行,中国银行,6
512411,中国银行,中国银行,6
512412,中国银行,中国银行,6
512695,中国银行,中国银行,6
512732,中国银行,中国银行,6
514957,中国银行,中国银行,6
514958,中国银行,中国银行,6
516464,中国银行,中国银行,6
518278,中国银行,中国银行,6
518377,中国银行,中国银行,6
518378,中国银行,中国银行,6
518379,中国银行,中国银行,6
518474,中国银行,中国银行,6
518475,中国银行,中国银行,6
518476,中国银行,中国银行,6
522153,中国银行,中国银行,6
524864,中国银行,中国银行,6
524865,中国银行,中国银行,6
525745,中国银行,中国银行,6
525746,中国银行,中国银行,6
540297,中国银行,中国银行,6
540838,中国银行,中国银行,6
541068,中国银行,中国银行,6
547628,中国银行,中国银行,6
547648,中国银行,中国银行,6
547766,中国银行,中国银行,6
552742,中国银行,中国银行,6
553131,中国银行,中国银行,6
558808,中国银行,中国银行,6
558809,中国银行,中国银行,6
558868,中国银行,中国银行,6
558869,中国银行,中国银行,6
601382,中国银行,中国银行,6
620019,中国银行,中国银行,6
620025,中国银行,中国银行,6
620026,中国银行,中国银行,6
620035,中国银行,中国银行,6
620040,中国银行,中国银行,6
620048,中国银行,中国银行,6
620061,中国银行,中国银行,6
620202,中国银行,中国银行,6
620203,中国银行,中国银行,6
620210,中国银行,中国银行,6
620211,中国银行,中国银行,6
620218,中国银行,中国银行,6
620513,中国银行,中国银行,6
620514,中国银行,中国银行,6
620531,中国银行,中国银行,6
621041,中国银行,中国银行,6
621212,中国银行,中国银行,6
621215,中国银行,中国银行,6
621231,中国银行,中国银行,6
621248,中国银行,中国银行,6
621249,中国银行,中国银行,6
621256,中国银行,中国银行,6
621283,中国银行,中国银行,6
621293,中国银行,中国银行,6
621294,中国银行,中国银行,6
621297,中国银行,中国银行,6
621330,中国银行,中国银行,6
621331,中国银行,中国银行,6
621332,中国银行,中国银行,6
621333,中国银行,中国银行,6
621334,中国银行,中国银行,6
621342,中国银行,中国银行,6
621343,中国银行,中国银行,6
621364,中国银行,中国银行,6
621394,中国银行,中国银行,6
621395,中国银行,中国银行,6
621568,中国银行,中国银行,6
621569,中国银行,中国银行,6
621620,中国银行,中国银行,6
621638,中国银行,中国银行,6
621648,中国银行,中国银行,6
621660,中国银行,中国银行,6
621661,中国银行,中国银行,6
621662,中国银行,中国银行,6
621663,中国银行,中国银行,6
621665,中国银行,中国银行,6
621666,中国银行,中国银行,6
621667,中国银行,中国银行,6
621668,中国银行,中国银行,6
621669,中国银行,中国银行,6
621672,中国银行,中国银行,6
621725,中国银行,中国银行,6
621741,中国银行,中国银行,6
621756,中国银行,中国银行,6
621757,中国银行,中国银行,6
621758,中国银行,中国银行,6
621759,中国银行,中国银行,6
621782,中国银行,中国银行,6
621785,中国银行,中国银行,6
621786,中国银行,中国银行,6
621787,中国银行,中国银行,6
621788,中国银行,中国银行,6
621789,中国银行,中国银行,6
621790,中国银行,中国银行,6
622273,中国银行,中国银行,6
622274,中国银行,中国银行,6
622346,中国银行,中国银行,6
622347,中国银行,中国银行,6
622348,中国银行,中国银行,6
622380,中国银行,中国银行,6
622479,中国银行,中国银行,6
622480,中国银行,中国银行,6
622750,中国银行,中国银行,6
622751,中国银行,中国银行,6
622752,中国银行,中国银行,6
622753,中国银行,中国银行,6
622754,中国银行,中国银行,6
622755,中国银行,中国银行,6
622756,中国银行,中国银行,6
622757,中国银行,中国银行,6
622758,中国银行,中国银行,6
622759,中国银行,中国银行,6
622760,中国银行,中国银行,6
622761,中国银行,中国银行,6
622762,中国银行,中国银行,6
622763,中国银行,中国银行,6
622764,中国银行,中国银行,6
622765,中国银行,中国银行,6
622770,中国银行,中国银行,6
622771,中国银行,中国银行,6
622772,中国银行,中国银行,6
622788,中国银行,中国银行,6
622789,中国银行,中国银行,6
622790,中国银行,中国银行,6
623040,中国银行,中国银行,6
623184,中国银行,中国银行,6
623208,中国银行,中国银行,6
623263,中国银行,中国银行,6
623309,中国银行,中国银行,6
623423,中国银行,中国银行,6
623569,中国银行,中国银行,6
623571,中国银行,中国银行,6
623572,中国银行,中国银行,6
623573,中国银行,中国银行,6
623575,中国银行,中国银行,6
623586,中国银行,中国银行,6
624405,中国银行,中国银行,6
625140,中国银行,中国银行,6
625333,中国银行,中国银行,6
625337,中国银行,中国银行,6
625338,中国银行,中国银行,6
625568,中国银行,中国银行,6
625829,中国银行,中国银行,6
625834,中国银行,中国银行,6
625905,中国银行,中国银行,6
625906,中国银行,中国银行,6
625907,中国银行,中国银行,6
625908,中国银行,中国银行,6
625909,中国银行,中国银行,6
625910,中国银行,中国银行,6
625943,中国银行,中国银行,6
628312,中国银行,中国银行,6
628313,中国银行,中国银行,6
628388,中国银行,中国银行,6
620048,中国银行（信用卡）,中国银行,6
612700,中国银联,中国银联,6
621236,中国银联,中国银联,6
629067,中国银联,中国银联,6
655328,中国银联,中国银联,6
655848,中国银联,中国银联,6
671200,中国银联,中国银联,6
621326,中山小榄村镇银行,中山小榄,6
621326,中山小榄村镇银行股份有限公司,中山小榄,6
622453,中信嘉华银行,中信嘉华,6
622456,中信嘉华银行,中信嘉华,6
622459,中信嘉华银行,中信嘉华,6
356390,中信银行,中信银行,6
356391,中信银行,中信银行,6
356392,中信银行,中信银行,6
376966,中信银行,中信银行,6
376968,中信银行,中信银行,6
376969,中信银行,中信银行,6
400360,中信银行,中信银行,6
403391,中信银行,中信银行,6
403392,中信银行,中信银行,6
403393,中信银行,中信银行,6
404157,中信银行,中信银行,6
404158,中信银行,中信银行,6
404159,中信银行,中信银行,6
404171,中信银行,中信银行,6
404172,中信银行,中信银行,6
404173,中信银行,中信银行,6
404174,中信银行,中信银行,6
421437,中信银行,中信银行,6
433666,中信银行,中信银行,6
433667,中信银行,中信银行,6
433668,中信银行,中信银行,6
433669,中信银行,中信银行,6
433670,中信银行,中信银行,6
433671,中信银行,中信银行,6
433680,中信银行,中信银行,6
442729,中信银行,中信银行,6
442730,中信银行,中信银行,6
514906,中信银行,中信银行,6
518212,中信银行,中信银行,6
520108,中信银行,中信银行,6
556617,中信银行,中信银行,6
558916,中信银行,中信银行,6
620082,中信银行,中信银行,6
620527,中信银行,中信银行,6
621767,中信银行,中信银行,6
621768,中信银行,中信银行,6
621769,中信银行,中信银行,6
621770,中信银行,中信银行,6
621771,中信银行,中信银行,6
621772,中信银行,中信银行,6
621773,中信银行,中信银行,6
622453,中信银行,中信银行,6
622456,中信银行,中信银行,6
622459,中信银行,中信银行,6
622678,中信银行,中信银行,6
622679,中信银行,中信银行,6
622680,中信银行,中信银行,6
622688,中信银行,中信银行,6
622689,中信银行,中信银行,6
622690,中信银行,中信银行,6
622691,中信银行,中信银行,6
622692,中信银行,中信银行,6
622696,中信银行,中信银行,6
622698,中信银行,中信银行,6
622766,中信银行,中信银行,6
622767,中信银行,中信银行,6
622768,中信银行,中信银行,6
622916,中信银行,中信银行,6
622918,中信银行,中信银行,6
622919,中信银行,中信银行,6
622998,中信银行,中信银行,6
622999,中信银行,中信银行,6
623328,中信银行,中信银行,6
623397,中信银行,中信银行,6
624303,中信银行,中信银行,6
628206,中信银行,中信银行,6
628208,中信银行,中信银行,6
628209,中信银行,中信银行,6
628370,中信银行,中信银行,6
628371,中信银行,中信银行,6
628372,中信银行,中信银行,6
968800,中信银行,中信银行,6
968801,中信银行,中信银行,6
968802,中信银行,中信银行,6
968803,中信银行,中信银行,6
968804,中信银行,中信银行,6
968805,中信银行,中信银行,6
968806,中信银行,中信银行,6
968807,中信银行,中信银行,6
968808,中信银行,中信银行,6
968809,中信银行,中信银行,6
621782,中银香港,中银香港,6
621035,中原银行,中原银行,6
621044,中原银行,中原银行,6
621075,中原银行,中原银行,6
621221,中原银行,中原银行,6
621235,中原银行,中原银行,6
621271,中原银行,中原银行,6
621327,中原银行,中原银行,6
621337,中原银行,中原银行,6
621601,中原银行,中原银行,6
621748,中原银行,中原银行,6
621753,中原银行,中原银行,6
622441,中原银行,中原银行,6
622979,中原银行,中原银行,6
623037,中原银行,中原银行,6
623138,中原银行,中原银行,6
623160,中原银行,中原银行,6
623505,中原银行,中原银行,6
623660,中原银行,中原银行,6
628303,中原银行,中原银行,6
628315,中原银行,中原银行,6
628331,中原银行,中原银行,6
628389,中原银行,中原银行,6
621229,重庆璧山工商银行村镇银行,重庆璧山,6
621229,重庆璧山工银村镇银行,重庆璧山,6
621258,重庆农村商业银行,重庆农村,6
621465,重庆农村商业银行,重庆农村,6
621528,重庆农村商业银行,重庆农村,6
621680,重庆农村商业银行,重庆农村,6
622218,重庆农村商业银行,重庆农村,6
622867,重庆农村商业银行,重庆农村,6
622885,重庆农村商业银行,重庆农村,6
628267,重庆农村商业银行,重庆农村,6
940020,重庆农村商业银行,重庆农村,6
622218,重庆农村商业银行(贷记卡),重庆农村,6
621755,重庆三峡银行,重庆三峡,6
622945,重庆三峡银行,重庆三峡,6
622134,重庆银行,重庆银行,6
622613,重庆银行,重庆银行,6
623016,重庆银行,重庆银行,6
623096,重庆银行,重庆银行,6
628220,重庆银行,重庆银行,6
940018,重庆银行,重庆银行,6
621455,珠海华润银行,珠海华润,6
622363,珠海华润银行,珠海华润,6
628270,珠海华润银行,珠海华润,6
940048,珠海华润银行,珠海华润,6
621070,自贡市商业银行,自贡市商,6
623121,自贡市商业银行,自贡市商,6
6011290,Discover Financial Services，Inc（,Disc,7
6011291,Discover Financial Services，Inc（,Disc,7
6011292,Discover Financial Services，Inc（,Disc,7
6011293,Discover Financial Services，Inc（,Disc,7
6011294,Discover Financial Services，Inc（,Disc,7
6011295,Discover Financial Services，Inc（,Disc,7
6011296,Discover Financial Services，Inc（,Disc,7
6011297,Discover Financial Services，Inc（,Disc,7
6011300,Discover Financial Services，Inc（,Disc,7
6011390,Discover Financial Services，Inc（,Disc,7
6011391,Discover Financial Services，Inc（,Disc,7
6011392,Discover Financial Services，Inc（,Disc,7
6011393,Discover Financial Services，Inc（,Disc,7
6011399,Discover Financial Services，Inc（,Disc,7
6011290,Discover Financial Services，Inc（26290840）,Disc,7
6011291,Discover Financial Services，Inc（26290840）,Disc,7
6011292,Discover Financial Services，Inc（26290840）,Disc,7
6011293,Discover Financial Services，Inc（26290840）,Disc,7
6011294,Discover Financial Services，Inc（26290840）,Disc,7
6011295,Discover Financial Services，Inc（26290840）,Disc,7
6011296,Discover Financial Services，Inc（26290840）,Disc,7
6011297,Discover Financial Services，Inc（26290840）,Disc,7
6011300,Discover Financial Services，Inc（26290840）,Disc,7
6011390,Discover Financial Services，Inc（26290840）,Disc,7
6011391,Discover Financial Services，Inc（26290840）,Disc,7
6011392,Discover Financial Services，Inc（26290840）,Disc,7
6011393,Discover Financial Services，Inc（26290840）,Disc,7
6011399,Discover Financial Services，Inc（26290840）,Disc,7
9400301,常熟农村商业银行,常熟农村,7
6245806,工商银行,工商银行,7
6253098,工商银行,工商银行,7
6858000,广发银行,广发银行,7
6858001,广发银行,广发银行,7
6858009,广发银行,广发银行,7
5453242,建设银行,建设银行,7
5491031,建设银行,建设银行,7
5544033,建设银行,建设银行,7
0049104,交通银行,交通银行,7
0053783,交通银行,交通银行,7
6649104,交通银行,交通银行,7
6653783,交通银行,交通银行,7
6349102,农业银行,农业银行,7
6353591,农业银行,农业银行,7
6886592,厦门银行,厦门银行,7
6091201,天津银行,天津银行,7
6227890,中国银行,中国银行,7
6227891,中国银行,中国银行,7
6227892,中国银行,中国银行,7
6227893,中国银行,中国银行,7
6227894,中国银行,中国银行,7
6227895,中国银行,中国银行,7
6227896,中国银行,中国银行,7
6227897,中国银行,中国银行,7
6227898,中国银行,中国银行,7
6227899,中国银行,中国银行,7
6224217,中原银行,中原银行,7
60112010,Discover Financial Services，Inc（,Disc,8
60112011,Discover Financial Services，Inc（,Disc,8
60112012,Discover Financial Services，Inc（,Disc,8
60112013,Discover Financial Services，Inc（,Disc,8
60112089,Discover Financial Services，Inc（,Disc,8
60112980,Discover Financial Services，Inc（,Disc,8
60112981,Discover Financial Services，Inc（,Disc,8
60112986,Discover Financial Services，Inc（,Disc,8
60112987,Discover Financial Services，Inc（,Disc,8
60112988,Discover Financial Services，Inc（,Disc,8
60112989,Discover Financial Services，Inc（,Disc,8
60112990,Discover Financial Services，Inc（,Disc,8
60112991,Discover Financial Services，Inc（,Disc,8
60112992,Discover Financial Services，Inc（,Disc,8
60112993,Discover Financial Services，Inc（,Disc,8
60112994,Discover Financial Services，Inc（,Disc,8
60112995,Discover Financial Services，Inc（,Disc,8
60112996,Discover Financial Services，Inc（,Disc,8
60112997,Discover Financial Services，Inc（,Disc,8
60113080,Discover Financial Services，Inc（,Disc,8
60113081,Discover Financial Services，Inc（,Disc,8
60113089,Discover Financial Services，Inc（,Disc,8
60113940,Discover Financial Services，Inc（,Disc,8
60113941,Discover Financial Services，Inc（,Disc,8
60113943,Discover Financial Services，Inc（,Disc,8
60113944,Discover Financial Services，Inc（,Disc,8
60113945,Discover Financial Services，Inc（,Disc,8
60113946,Discover Financial Services，Inc（,Disc,8
60113984,Discover Financial Services，Inc（,Disc,8
60113985,Discover Financial Services，Inc（,Disc,8
60113986,Discover Financial Services，Inc（,Disc,8
60113988,Discover Financial Services，Inc（,Disc,8
60113989,Discover Financial Services，Inc（,Disc,8
60112010,Discover Financial Services，Inc（26290840）,Disc,8
60112011,Discover Financial Services，Inc（26290840）,Disc,8
60112012,Discover Financial Services，Inc（26290840）,Disc,8
60112013,Discover Financial Services，Inc（26290840）,Disc,8
60112089,Discover Financial Services，Inc（26290840）,Disc,8
60112980,Discover Financial Services，Inc（26290840）,Disc,8
60112981,Discover Financial Services，Inc（26290840）,Disc,8
60112986,Discover Financial Services，Inc（26290840）,Disc,8
60112987,Discover Financial Services，Inc（26290840）,Disc,8
60112988,Discover Financial Services，Inc（26290840）,Disc,8
60112989,Discover Financial Services，Inc（26290840）,Disc,8
60112990,Discover Financial Services，Inc（26290840）,Disc,8
60112991,Discover Financial Services，Inc（26290840）,Disc,8
60112992,Discover Financial Services，Inc（26290840）,Disc,8
60112993,Discover Financial Services，Inc（26290840）,Disc,8
60112994,Discover Financial Services，Inc（26290840）,Disc,8
60112995,Discover Financial Services，Inc（26290840）,Disc,8
60112996,Discover Financial Services，Inc（26290840）,Disc,8
60112997,Discover Financial Services，Inc（26290840）,Disc,8
60113080,Discover Financial Services，Inc（26290840）,Disc,8
60113081,Discover Financial Services，Inc（26290840）,Disc,8
60113089,Discover Financial Services，Inc（26290840）,Disc,8
60113940,Discover Financial Services，Inc（26290840）,Disc,8
60113941,Discover Financial Services，Inc（26290840）,Disc,8
60113943,Discover Financial Services，Inc（26290840）,Disc,8
60113944,Discover Financial Services，Inc（26290840）,Disc,8
60113945,Discover Financial Services，Inc（26290840）,Disc,8
60113946,Discover Financial Services，Inc（26290840）,Disc,8
60113984,Discover Financial Services，Inc（26290840）,Disc,8
60113985,Discover Financial Services，Inc（26290840）,Disc,8
60113986,Discover Financial Services，Inc（26290840）,Disc,8
60113988,Discover Financial Services，Inc（26290840）,Disc,8
60113989,Discover Financial Services，Inc（26290840）,Disc,8
62360635,安国中成村镇银行,安国中成,8
62109215,安徽霍邱联合村镇银行,安徽霍邱,8
62109213,安徽霍山联合村镇银行,安徽霍山,8
62168308,安徽明光民丰村镇银行,安徽明光,8
62109214,安徽寿县联合村镇银行,安徽寿县,8
62352801,安徽五河永泰村镇银行,安徽五河,8
62168309,安徽宿松民丰村镇银行,安徽宿松,8
62163118,安阳珠江村镇银行,安阳珠江,8
62359350,霸州舜丰村镇银行,霸州舜丰,8
62355701,北京大兴华夏村镇银行,北京大兴,8
62163113,北京门头沟珠江村镇银行,北京门头,8
62326520,北京农村商业银行,北京农村,8
62326520,北京农商银行,北京农商,8
62127852,滨海惠民村镇银行,滨海惠民,8
62138401,沧州市运河青隆村镇银行,沧州市运,8
62249804,沧州银行,沧州银行,8
94004604,沧州银行,沧州银行,8
62163121,常宁珠江村镇银行,常宁珠江,8
62360602,常州新北中成村镇银行,常州新北,8
62326515,承德银行,承德银行,8
62317502,楚雄兴彝村镇银行,楚雄兴彝,8
62316904,枞阳泰业村镇银行,枞阳泰业,8
62127823,大安惠民村镇银行,大安惠民,8
62359356,大城舜丰村镇银行,大城舜丰,8
62360611,大理古城中成村镇银行,大理古城,8
62163103,大连保税区珠江村镇银行,大连保税,8
62357009,大同市南郊区京都村镇银行,大同市南,8
62314061,大洼恒丰村镇银行,大洼恒丰,8
62169302,丹东鼎安村镇银行,丹东鼎安,8
62169301,丹东鼎元村镇银行,丹东鼎元,8
62169303,丹东福汇村镇银行,丹东福汇,8
62360634,定州中成村镇银行,定州中成,8
62319806,东莞大朗东盈村镇银行,东莞大朗,8
62316906,东莞厚街华业村镇银行,东莞厚街,8
62316902,东莞长安村镇银行,东莞长安,8
62138404,东光青隆村镇银行,东光青隆,8
62360620,东营河口中成村镇银行,东营河口,8
62165666,东营莱商村镇银行,东营莱商,8
62316905,东源泰业村镇银行,东源泰业,8
62360608,峨眉山中成村镇银行,峨眉山中,8
62134625,鄂尔多斯市东胜蒙银村镇银行,鄂尔多斯,8
62359602,繁峙新田村镇银行,繁峙新田,8
62359430,费县梁邹村镇银行,费县梁邹,8
62357002,汾阳市九都村镇银行,汾阳市九,8
62140101,福鼎恒兴村镇银行,福鼎恒兴,8
98350820,福建海峡银行,福建海峡,8
62163114,福山珠江村镇银行,福山珠江,8
62360631,高碑店市中成村镇银行,高碑店市,8
62013101,工商银行,工商银行,8
62013102,工商银行,工商银行,8
62137310,工商银行,工商银行,8
62137320,工商银行,工商银行,8
62451804,工商银行,工商银行,8
62451810,工商银行,工商银行,8
62451811,工商银行,工商银行,8
62458071,工商银行,工商银行,8
62592310,工商银行,工商银行,8
62592320,工商银行,工商银行,8
62592340,工商银行,工商银行,8
62594250,工商银行,工商银行,8
62594260,工商银行,工商银行,8
62594270,工商银行,工商银行,8
62163110,广汉珠江村镇银行,广汉珠江,8
62359353,广阳舜丰村镇银行,广阳舜丰,8
62308299,广元贵商村镇银行,广元贵商,8
62308299,广元市贵商村镇银行,广元市贵,8
62127810,广州萝岗惠民村镇银行,广州萝岗,8
62310401,贵阳小河科技村镇银行,贵阳小河,8
62326519,贵阳银行,贵阳银行,8
62326501,哈尔滨银行,哈尔滨银,8
62105905,海口苏南村镇银行,海口苏南,8
62105915,海口苏南村镇银行,海口苏南,8
62312201,海南儋州绿色村镇银行,海南儋州,8
62163116,海阳珠江村镇银行,海阳珠江,8
62127837,含山惠民村镇银行,含山惠民,8
62326510,汉口银行,汉口银行,8
62326513,杭州银行,杭州银行,8
62326527,杭州银行,杭州银行,8
62127818,合阳惠民村镇银行,合阳惠民,8
62319803,贺州八步东盈村镇银行,贺州八步,8
62163101,鹤山珠江村镇银行,鹤山珠江,8
62326502,黑龙江省农村信用社,黑龙江省,8
62326502,黑龙江省农村信用社联合社,黑龙江省,8
62357005,洪洞县洪都村镇银行,洪洞县洪,8
62138403,黄骅青隆村镇银行,黄骅青隆,8
62163108,辉县珠江村镇银行,辉县珠江,8
62360625,惠安中成村镇银行,惠安中成,8
62127817,惠东惠民村镇银行,惠东惠民,8
62319801,惠州仲恺东盈村镇银行,惠州仲恺,8
62163112,吉安吉州珠江村镇银行,吉安吉州,8
62127839,吉林丰满惠民村镇银行,吉林丰满,8
62360607,犍为中成村镇银行,犍为中成,8
62360603,建湖中成村镇银行,建湖中成,8
62168301,江苏丰县民丰村镇银行,江苏丰县,8
62168302,江苏灌南民丰村镇银行,江苏灌南,8
62168304,江苏灌云民丰村镇银行,江苏灌云,8
62109209,江苏邗江联合村镇银行,江苏邗江,8
62168305,江苏溧水民丰村镇银行,江苏溧水,8
60326500,江苏银行,江苏银行,8
60326513,江苏银行,江苏银行,8
62351501,江苏银行丹阳保得村镇银行,江苏银行,8
62326522,江西银行,江西银行,8
00405512,交通银行,交通银行,8
00601428,交通银行,交通银行,8
66405512,交通银行,交通银行,8
66601428,交通银行,交通银行,8
62357003,介休市华都村镇银行,介休市华,8
62127855,荆门东宝惠民村镇银行,荆门东宝,8
62105903,句容苏南村镇银行,句容苏南,8
62105913,句容苏南村镇银行,句容苏南,8
62360604,筠连中成村镇银行,筠连中成,8
62311702,开封新东方村镇银行,开封新东,8
62316901,开县泰业村镇银行,开县泰业,8
62355703,昆明呈贡华夏村镇银行,昆明呈贡,8
62360613,昆明东川中成村镇银行,昆明东川,8
62360614,昆明禄劝中成村镇银行,昆明禄劝,8
62360612,昆明马金铺中成村镇银行,昆明马金,8
62360610,昆明石林中成村镇银行,昆明石林,8
62360615,昆明寻甸中成村镇银行,昆明寻甸,8
62360621,莱芜中成村镇银行,莱芜中成,8
62163104,莱芜珠江村镇银行,莱芜珠江,8
62361528,莱阳胶东村镇银行,莱阳胶东,8
62163115,莱州珠江村镇银行,莱州珠江,8
62127843,廊坊市安次区惠民村镇银行,廊坊市安,8
62359364,乐亭舜丰村镇银行,乐亭舜丰,8
62368001,辽宁千山金海村镇银行,辽宁千山,8
62368003,辽宁千山金泉村镇银行,辽宁千山,8
62368002,辽宁千山金玉村镇银行,辽宁千山,8
62359603,临猗县新田村镇银行,临猗县新,8
62316903,灵山泰业村镇银行,灵山泰业,8
62326503,龙江银行,龙江银行,8
62536602,龙江银行,龙江银行,8
62127836,庐江惠民村镇银行,庐江惠民,8
62360617,泸水中成村镇银行,泸水中成,8
62360636,滦县中成村镇银行,滦县中成,8
62361527,牟平胶东村镇银行,牟平胶东,8
62360606,南部县中成村镇银行,南部县中,8
62360609,南充嘉陵中成村镇银行,南充嘉陵,8
62177702,南京银行,南京银行,8
62360626,南靖中成村镇银行,南靖中成,8
62326525,内蒙古银行,内蒙古银,8
62361526,宁津胶东村镇银行,宁津胶东,8
62358101,宁夏中宁青银村镇银行,宁夏中宁,8
62314062,盘山安泰村镇银行,盘山安泰,8
62163111,彭山珠江村镇银行,彭山珠江,8
62360628,浦城中成村镇银行,浦城中成,8
62361522,齐河胶东村镇银行,齐河胶东,8
62326516,企业银行（中国）,企业银行,8
62163119,启东珠江村镇银行,启东珠江,8
62127822,乾安惠民村镇银行,乾安惠民,8
62144735,黔西花都村镇银行,黔西花都,8
62249802,秦皇岛银行,秦皇岛银,8
94004602,秦皇岛银行,秦皇岛银,8
62163117,青岛城阳珠江村镇银行,青岛城阳,8
62359329,青岛黄岛舜丰村镇银行,青岛黄岛,8
62360601,青岛胶州中成村镇银行,青岛胶州,8
62127831,青岛平度惠民村镇银行,青岛平度,8
62536601,青海银行,青海银行,8
62138402,青县青隆村镇银行,青县青隆,8
62127815,清远清新惠民村镇银行,清远清新,8
62359601,曲沃县新田村镇银行,曲沃县新,8
62360633,曲阳中成村镇银行,曲阳中成,8
62355001,汝州玉川村镇银行,汝州玉川,8
62168303,山东肥城民丰村镇银行,山东肥城,8
62359351,山东惠民舜丰村镇银行,山东惠民,8
62169716,山东兰陵村镇银行,山东兰陵,8
62168306,山东梁山民丰村镇银行,山东梁山,8
62231902,山东省农村信用社,山东省农,8
90010502,山东省农村信用社,山东省农,8
90020502,山东省农村信用社,山东省农,8
62326508,上海农商银行,上海农商,8
62360627,上杭中成村镇银行,上杭中成,8
62163125,深圳坪山珠江村镇银行,深圳坪山,8
62357004,寿阳县汇都村镇银行,寿阳县汇,8
62127828,双城惠民村镇银行,双城惠民,8
62105901,双流诚民村镇银行,双流诚民,8
62105911,双流诚民村镇银行,双流诚民,8
62355702,四川江油华夏村镇银行,四川江油,8
62127821,松原宁江惠民村镇银行,松原宁江,8
62163122,苏州吴中珠江村镇银行,苏州吴中,8
62359354,唐山市丰南舜丰村镇银行,唐山市丰,8
62169757,天津宁河村镇银行,天津宁河,8
62359065,调兵山惠民村镇银行,调兵山惠,8
62358563,铁岭新星村镇银行,铁岭新星,8
62360632,望都中成村镇银行,望都中成,8
62360622,潍坊市奎文区中成村镇银行,潍坊市奎,8
62311703,尉氏合益村镇银行,尉氏合益,8
62127834,文安县惠民村镇银行,文安县惠,8
62360623,无棣中成村镇银行,无棣中成,8
62127820,五常惠民村镇银行,五常惠民,8
62127812,五华惠民村镇银行,五华惠民,8
62361026,西安银行高陵阳光村镇银行,西安银行,8
62361025,西安银行洛南阳光村镇银行,西安银行,8
62361523,夏津胶东村镇银行,夏津胶东,8
62357001,襄汾县万都村镇银行,襄汾县万,8
62359605,新绛县新田村镇银行,新绛县新,8
62163109,新津珠江村镇银行,新津珠江,8
62169501,新密郑银村镇银行,新密郑银,8
62163107,信阳珠江村镇银行,信阳珠江,8
62105906,兴化苏南村镇银行,兴化苏南,8
62105916,兴化苏南村镇银行,兴化苏南,8
62163123,兴宁珠江村镇银行,兴宁珠江,8
62163120,盱眙珠江村镇银行,盱眙珠江,8
62105900,宣汉诚民村镇银行,宣汉诚民,8
62105902,宣汉诚民村镇银行,宣汉诚民,8
62360638,宣化中成村镇银行,宣化中成,8
62169503,鄢陵郑银村镇银行,鄢陵郑银,8
62360624,兖州中成村镇银行,兖州中成,8
62360629,扬州广陵中成村镇银行,扬州广陵,8
62355358,沂源博商村镇银行,沂源博商,8
62215049,邮政储蓄银行,邮政储蓄,8
62215050,邮政储蓄银行,邮政储蓄,8
62215051,邮政储蓄银行,邮政储蓄,8
62218849,邮政储蓄银行,邮政储蓄,8
62218850,邮政储蓄银行,邮政储蓄,8
62218851,邮政储蓄银行,邮政储蓄,8
62361525,禹城胶东村镇银行,禹城胶东,8
62360616,玉溪澄江中成村镇银行,玉溪澄江,8
62317501,玉溪红塔区兴和村镇银行,玉溪红塔,8
62165826,元氏信融村镇银行,元氏信融,8
62127813,云安惠民村镇银行,云安惠民,8
62319802,云浮新兴东盈民生村镇银行,云浮新兴,8
62127825,长春南关惠民村镇银行,长春南关,8
62311701,长葛轩辕村镇银行,长葛轩辕,8
62360605,长宁中成村镇银行,长宁中成,8
62309701,长子县融汇村镇银行,长子县融,8
62109202,浙江嘉善联合村镇银行,浙江嘉善,8
62109208,浙江柯桥联合村镇银行,浙江柯桥,8
62109207,浙江乐清联合村镇银行,浙江乐清,8
62355865,浙江松阳恒通村镇银行,浙江松阳,8
62319563,浙江泰顺温银村镇银行,浙江泰顺,8
62109206,浙江温岭联合村镇银行,浙江温岭,8
62109205,浙江义乌联合村镇银行,浙江义乌,8
62352501,浙江永嘉恒升村镇银行,浙江永嘉,8
62109212,浙江云和联合村镇银行,浙江云和,8
62109203,浙江长兴联合村镇银行,浙江长兴,8
62109211,浙江诸暨联合村镇银行,浙江诸暨,8
62169502,中牟郑银村镇银行,中牟郑银,8
62163102,中山东凤珠江村镇银行,中山东凤,8
62006401,中山古镇南粤村镇银行,中山古镇,8
62360630,涿州中成村镇银行,涿州中成,8
62360600,自贡中成村镇银行,自贡中成,8
621682301,阿拉沪农商村镇银行,阿拉沪农,9
621356027,安福中银富登村镇银行,安福中银,9
621353002,安徽当涂新华村镇银行,安徽当涂,9
621353102,安徽当涂新华村镇银行,安徽当涂,9
621653002,安徽肥西石银村镇银行,安徽肥西,9
621353005,安徽和县新华村镇银行,安徽和县,9
621353105,安徽和县新华村镇银行,安徽和县,9
621092012,安徽霍邱联合村镇银行,安徽霍邱,9
621092010,安徽霍山联合村镇银行,安徽霍山,9
621365002,安徽利辛湖商村镇银行,安徽利辛,9
621365003,安徽蒙城湖商村镇银行,安徽蒙城,9
621365010,安徽谯城湖商村镇银行,安徽谯城,9
621092011,安徽寿县联合村镇银行,安徽寿县,9
621365007,安徽濉溪湖商卡村镇银行,安徽濉溪,9
621365008,安徽涡阳湖商村镇银行,安徽涡阳,9
621365009,安徽宣州湖商村镇银行,安徽宣州,9
621365004,安徽粤西湖商村镇银行,安徽粤西,9
621056802,安吉交银村镇银行,安吉交银,9
621278193,安平惠民村镇银行,安平惠民,9
621678210,安顺西秀富民村镇银行,安顺西秀,9
621399002,安溪民生村镇银行,安溪民生,9
621350003,安义融兴村镇银行,安义融兴,9
623589003,安义融兴村镇银行,安义融兴,9
621350451,巴彦融兴村镇银行,巴彦融兴,9
623589451,巴彦融兴村镇银行,巴彦融兴,9
623608002,百色右江华润村镇银行,百色右江,9
621350013,拜泉融兴村镇银行,拜泉融兴,9
623589013,拜泉融兴村镇银行,拜泉融兴,9
621687913,宝丰豫丰村镇银行,宝丰豫丰,9
621623001,宝生村镇银行,宝生村镇,9
621682310,保山隆阳沪农商村镇银行,保山隆阳,9
621382019,北京昌平包商村镇银行,北京昌平,9
621382076,北京昌平包商村镇银行,北京昌平,9
621382019,北京昌平包商村镇银行股份,北京昌平,9
621326919,北京大兴九银村镇银行,北京大兴,9
621682002,北京房山沪农商村镇银行,北京房山,9
621350010,北京怀柔融兴村镇银行,北京怀柔,9
623589010,北京怀柔融兴村镇银行,北京怀柔,9
621250004,北京密云汇丰村镇银行,北京密云,9
621347002,北京顺义银座村镇银行,北京顺义,9
621689004,北流柳银村镇银行,北流柳银,9
621635116,北屯国民村镇银行,北屯国民,9
621382022,毕节发展村镇银行,毕节发展,9
621382059,毕节发展村镇银行,毕节发展,9
621689006,博白柳银村镇银行,博白柳银,9
621635117,博乐国民村镇银行,博乐国民,9
621659002,沧县吉银村镇银行,沧县吉银,9
621353115,沧州海兴新华村镇银行,沧州海兴,9
621353113,沧州盐山新华村镇银行,沧州盐山,9
621356003,曹县中银富登村镇银行,曹县中银,9
621635108,昌吉国民村镇银行,昌吉国民,9
621399024,池州民生村镇银行,池州民生,9
621682108,茌平沪农商村镇银行,茌平沪农,9
621682213,慈利沪农商村镇银行,慈利沪农,9
621689007,从化柳银村镇银行,从化柳银,9
621678202,大方富民村镇银行,大方富民,9
621275181,大连甘井子浦发村镇银行,大连甘井,9
621382025,大连金州联丰村镇银行,大连金州,9
621382067,大连金州联丰村镇银行,大连金州,9
621250006,大连普兰店汇丰村镇银行,大连普兰,9
621653006,大武口石银村镇银行,大武口石,9
621056801,大邑交银兴民村镇银行,大邑交银,9
621680003,大竹渝农商村镇银行,大竹渝农,9
621680103,大竹渝农商村镇银行,大竹渝农,9
621356017,单县中银富登村镇银行,单县中银,9
623608001,德庆华润村镇银行,德庆华润,9
621659010,东丰吉银村镇银行,东丰吉银,9
621676011,东莞虎门长江村镇银行,东莞虎门,9
621356049,东明中银富登村镇银行,东明中银,9
621682105,东平沪农商村镇银行,东平沪农,9
621635005,东兴国民村镇银行,东兴国民,9
621635105,东兴国民村镇银行,东兴国民,9
621382016,掇刀包商村镇银行,掇刀包商,9
621382075,掇刀包商村镇银行,掇刀包商,9
621346003,鄂尔多斯市东胜蒙银村镇银行,鄂尔多斯,9
621637001,鄂尔多斯市康巴什村镇银行,鄂尔多斯,9
621637003,鄂托克旗汇泽村镇银行,鄂托克旗,9
621382005,鄂温克包商村镇银行,鄂温克包,9
621382068,鄂温克包商村镇银行,鄂温克包,9
621260001,恩施常农商村镇银行,恩施常农,9
621260002,恩施常农商村镇银行,恩施常农,9
623504001,范县德商村镇银行,范县德商,9
621346002,方大村镇银行,方大村镇,9
621635010,防城港防城国民村镇银行,防城港防,9
621635110,防城港防城国民村镇银行,防城港防,9
621628661,丰城顺银村镇银行,丰城顺银,9
621275111,奉贤浦发村镇银行,奉贤浦发,9
621628660,佛山高明顺银村镇银行,佛山高明,9
621401002,福鼎恒兴村镇银行,福鼎恒兴,9
621680010,福建福安渝农商村镇银行,福建福安,9
621680110,福建福安渝农商村镇银行,福建福安,9
621401001,福建连江恒欣村镇银行,福建连江,9
621680007,福建平潭渝农商村镇银行,福建平潭,9
621680107,福建平潭渝农商村镇银行,福建平潭,9
621680009,福建沙县渝农商村镇银行,福建沙县,9
621680109,福建沙县渝农商村镇银行,福建沙县,9
621250003,福建永安汇丰村镇银行,福建永安,9
621338002,福建漳平民泰村镇银行,福建漳平,9
621678215,福泉富民村镇银行,福泉富民,9
621356044,阜南中银富登村镇银行,阜南中银,9
621399015,阜宁民生村镇银行,阜宁民生,9
621275301,富民浦发村镇银行,富民浦发,9
621275311,甘肃榆中浦发村镇银行,甘肃榆中,9
621682305,个旧沪农商村镇银行,个旧沪农,9
621356042,公安中银富登村镇银行,公安中银,9
621275291,公主岭浦发村镇银行,公主岭浦,9
621637008,古交汇泽村镇银行,古交汇泽,9
621356007,谷城中银富登村镇银行,谷城中银,9
621382001,固阳包商惠农村镇银行,固阳包商,9
621382066,固阳包商惠农村镇银行,固阳包商,9
621250005,广东恩平汇丰村镇银行,广东恩平,9
621680005,广西鹿寨渝农商村镇银行,广西鹿寨,9
621680105,广西鹿寨渝农商村镇银行,广西鹿寨,9
621635119,广西浦北国民村镇银行,广西浦北,9
621635124,广西上林国民村镇银行,广西上林,9
621382024,广元市包商贵民村镇银行,广元市包,9
621382071,广元市包商贵民村镇银行,广元市包,9
621338010,广州白云民泰村镇银行,广州白云,9
621353001,广州番禹新华村镇银行,广州番禹,9
621353101,广州番禹新华村镇银行,广州番禹,9
621627007,广州花都稠州村镇银行,广州花都,9
621676003,广州增城长江村镇银行,广州增城,9
621326959,贵溪九银村镇银行,贵溪九银,9
621678207,贵阳观山湖富民村镇银行,贵阳观山,9
621678211,贵阳南明富民村镇银行,贵阳南明,9
621678208,贵阳乌当富民村镇银行,贵阳乌当,9
621678209,贵阳云岩富民村镇银行,贵阳云岩,9
621635004,桂林国民村镇银行,桂林国民,9
621635104,桂林国民村镇银行,桂林国民,9
621682207,桂阳沪农商村镇银行,桂阳沪农,9
621275281,哈尔滨呼兰浦发村镇银行,哈尔滨呼,9
621635115,哈密红星国民村镇银行,哈密红星,9
623601001,哈密天山村镇银行,哈密天山,9
621350017,海南保亭融兴村镇银行,海南保亭,9
623589017,海南保亭融兴村镇银行,海南保亭,9
621676004,海南澄迈长江村镇银行,海南澄迈,9
621676005,海南五指山长江村镇银行,海南五指,9
621275211,韩城浦发村镇银行,韩城浦发,9
621637002,罕台村镇银行,罕台村镇,9
621635109,合浦国民村镇银行,合浦国民,9
621350020,河间融惠村镇银行,河间融惠,9
623589020,河间融惠村镇银行,河间融惠,9
621656001,河南方城凤裕村镇银行,河南方城,9
621275131,河南巩义浦发村镇银行,河南巩义,9
621386003,河南沁阳江南村镇银行,河南沁阳,9
621678206,赫章富民村镇银行,赫章富民,9
623558616,横峰恒通村镇银行,横峰恒通,9
621682205,衡阳县沪农商村镇银行,衡阳县沪,9
621350011,洪湖融兴村镇银行,洪湖融兴,9
623589011,洪湖融兴村镇银行,洪湖融兴,9
621676002,湖北赤壁长江村镇银行,湖北赤壁,9
623535001,湖北大冶村镇银行,湖北大冶,9
621676009,湖北红安长江村镇银行,湖北红安,9
621250012,湖北麻城汇丰村镇银行,湖北麻城,9
621250001,湖北随州曾都汇丰村镇银行,湖北随州,9
621250008,湖北天门汇丰村镇银行,湖北天门,9
621676001,湖北咸安长江村镇银行,湖北咸安,9
621676010,湖北英山长江村镇银行,湖北英山,9
621275241,湖南茶陵浦发村镇银行,湖南茶陵,9
621275271,湖南衡南浦发村镇银行,湖南衡南,9
621250010,湖南平江汇丰村镇银行,湖南平江,9
621275231,湖南沅江浦发村镇银行,湖南沅江,9
621382008,化德包商村镇银行,化德包商,9
621382058,化德包商村镇银行,化德包商,9
621350005,桦川融兴村镇银行,桦川融兴,9
623589005,桦川融兴村镇银行,桦川融兴,9
621278503,桦甸惠民村镇银行,桦甸惠民,9
621659003,珲春吉银村镇银行,珲春吉银,9
621350943,会宁会师村镇银行,会宁会师,9
623589943,会宁会师村镇银行,会宁会师,9
623525001,惠水恒升村镇银行,惠水恒升,9
621627001,吉安稠州村镇银行,吉安稠州,9
621382007,集宁包商村镇银行,集宁包商,9
621682102,济南槐荫沪农商村镇银行,济南槐荫,9
621682101,济南长清沪农商村镇银行,济南长清,9
621399012,嘉定民生村镇银行,嘉定民生,9
621356018,嘉祥中银富登村镇银行,嘉祥中银,9
621356011,监利中银富登村镇银行,监利中银,9
436742193,建设银行,建设银行,9
621382027,建设银行,建设银行,9
621382054,建设银行,建设银行,9
622280193,建设银行,建设银行,9
621682309,建水沪农商村镇银行,建水沪农,9
621398001,江都吉银村镇银行,江都吉银,9
621397001,江苏大丰江南村镇银行,江苏大丰,9
621397101,江苏大丰江南村镇银行,江苏大丰,9
621627008,江苏东台稠州村镇银行,江苏东台,9
621386002,江苏海安盐海村镇银行,江苏海安,9
621092007,江苏邗江联合村镇银行,江苏邗江,9
621338001,江苏邗江民泰村镇银行,江苏邗江,9
623532001,江苏洪泽金阳光村镇银行,江苏洪泽,9
621338005,江苏惠山民泰村镇银行,江苏惠山,9
621275191,江苏江阴浦发村镇银行,江苏江阴,9
621338008,江苏金湖民泰村镇银行,江苏金湖,9
621382017,江苏南通如皋包商村镇银行,江苏南通,9
621382072,江苏南通如皋包商村镇银行,江苏南通,9
623609001,江苏沛县汉源村镇银行,江苏沛县,9
623512001,江苏邳州陇海村镇银行,江苏邳州,9
621350009,江苏如东融兴村镇银行,江苏如东,9
623589009,江苏如东融兴村镇银行,江苏如东,9
621241001,江苏沭阳东吴村镇银行,江苏沭阳,9
623609002,江苏新沂汉源村镇银行,江苏新沂,9
621347003,江西赣州银座村镇银行,江西赣州,9
621275251,江西临川浦发村镇银行,江西临川,9
621678002,江西上栗富民村镇银行,江西上栗,9
621353006,江西兴国新华村镇银行,江西兴国,9
621353106,江西兴国新华村镇银行,江西兴国,9
621399009,江夏民生村镇银行,江夏民生,9
621356026,界首中银富登村镇银行,界首中银,9
621678201,金沙富民村镇银行,金沙富民,9
621260103,金坛常农商村镇银行,金坛常农,9
623587002,金寨徽银村镇银行,金寨徽银,9
621699001,锦州北镇益民村镇银行,锦州北镇,9
621699002,锦州太和益民村镇银行,锦州太和,9
623143001,晋中市左权华丰村镇银行,晋中市左,9
621356002,京山中银富登村镇银行,京山中银,9
621326929,井冈山九银村镇银行,井冈山九,9
621399019,景洪民生村镇银行,景洪民生,9
621382013,九台龙嘉村镇银行,九台龙嘉,9
621382060,九台龙嘉村镇银行,九台龙嘉,9
621356036,巨野中银富登村镇银行,巨野中银,9
621382023,鄄城包商村镇银行,鄄城包商,9
621382056,鄄城包商村镇银行,鄄城包商,9
621678213,开阳富民村镇银行,开阳富民,9
621682307,开远沪农商村镇银行,开远沪农,9
621382010,科尔沁包商村镇银行,科尔沁包,9
621382074,科尔沁包商村镇银行,科尔沁包,9
621635122,克拉玛依金龙国民村镇银行,克拉玛依,9
621635125,库车国民村镇银行,库车国民,9
621635123,奎屯国民村镇银行,奎屯国民,9
621355001,昆山鹿城村镇银行,昆山鹿城,9
621355051,昆山鹿城村镇银行,昆山鹿城,9
621356016,来安中银富登村镇银行,来安中银,9
621353119,兰州皋兰新华村镇银行,兰州皋兰,9
621353120,兰州七里河新华村镇银行,兰州七里,9
621353118,兰州永登新华村镇银行,兰州永登,9
621353003,郎溪新华村镇银行,郎溪新华,9
621353103,郎溪新华村镇银行,郎溪新华,9
621356009,老河口中银富登村镇银行,老河口中,9
621350002,乐平融兴村镇银行,乐平融兴,9
623589002,乐平融兴村镇银行,乐平融兴,9
621350007,耒阳融兴村镇银行,耒阳融兴,9
623589007,耒阳融兴村镇银行,耒阳融兴,9
621682209,澧县沪农商村镇银行,澧县沪农,9
621682203,醴陵沪农商村镇银行,醴陵沪农,9
621275121,溧阳浦发村镇银行,溧阳浦发,9
621682211,涟源沪农商村镇银行,涟源沪农,9
621383002,辽宁辰州汇通村镇银行,辽宁辰州,9
621383001,辽宁大石桥隆丰村镇银行,辽宁大石,9
621699005,辽宁黑山锦行村镇银行,辽宁黑山,9
621699003,辽宁义县祥和村镇银行,辽宁义县,9
621681002,辽宁彰武金通村镇银行,辽宁彰武,9
621682110,聊城沪农商村镇银行,聊城沪农,9
621682311,临沧临翔沪农商村镇银行,临沧临翔,9
621682208,临澧沪农商村镇银行,临澧沪农,9
621682111,临清沪农商村镇银行,临清沪农,9
621275261,临武浦发村镇银行,临武浦发,9
621356006,临邑中银富登村镇银行,临邑中银,9
621356019,临颍中银富登村镇银行,临颍中银,9
621687001,灵宝融丰村镇银行,灵宝融丰,9
621689001,柳江柳银村镇银行,柳江柳银,9
621637007,柳林汇泽村镇银行,柳林汇泽,9
621627009,龙泉驿稠州村镇银行,龙泉驿稠,9
621689005,陆川柳银村镇银行,陆川柳银,9
621382015,漯河市郾城包商村镇银行,漯河市郾,9
621382050,漯河市郾城包商村镇银行,漯河市郾,9
623143003,吕梁孝义汇通村镇银行,吕梁孝义,9
621635118,绿洲国民村镇银行,绿洲国民,9
621676013,茂名电白长江村镇银行,茂名电白,9
621399008,梅河口民生村镇银行,梅河口民,9
621393001,梅县客家村镇银行,梅县客家,9
621682306,蒙自沪农商村镇银行,蒙自沪农,9
621386004,孟州射阳村镇银行,孟州射阳,9
621682308,弥勒沪农商村镇银行,弥勒沪农,9
621275101,绵竹浦发村镇银行,绵竹浦发,9
623504003,民权德商村镇银行,民权德商,9
621382006,莫力达瓦包商村镇银行,莫力达瓦,9
621382052,莫力达瓦包商村镇银行,莫力达瓦,9
621678203,纳雍富民村镇银行,纳雍富民,9
621326979,南昌昌东九银村镇银行,南昌昌东,9
621675001,南昌大丰村镇银行,南昌大丰,9
621326969,南京六合九银村镇银行,南京六合,9
623604001,南京浦口靖发村镇银行,南京浦口,9
621635003,南宁江南国民村镇银行,南宁江南,9
621635103,南宁江南国民村镇银行,南宁江南,9
621392887,南阳村镇银行,南阳村镇,9
621356050,南漳中银富登村镇银行,南漳中银,9
621385663,内江兴隆村镇银行,内江兴隆,9
621275321,宁波海曙浦发村镇银行,宁波海曙,9
621635114,宁波市鄞州国民村镇银行,宁波市鄞,9
621356014,宁波镇海中银富登村镇银行,宁波镇海,9
621382002,宁城包商村镇银行,宁城包商,9
621382063,宁城包商村镇银行,宁城包商,9
621399023,宁国民生村镇银行,宁国民生,9
621356013,宁海中银富登村镇银行,宁海中银,9
621399017,宁晋民生村镇银行,宁晋民生,9
621382026,宁夏贺兰回商村镇银行,宁夏贺兰,9
621382055,宁夏贺兰回商村镇银行,宁夏贺兰,9
621682201,宁乡沪农商村镇银行,宁乡沪农,9
621682103,宁阳沪农商村镇银行,宁阳沪农,9
621399003,彭州民生村镇银行,彭州民生,9
621399014,蓬莱民生村镇银行,蓬莱民生,9
621635111,平果国民村镇银行,平果国民,9
621678001,萍乡安源富民村镇银行,萍乡安源,9
621265001,萍乡湘东黄海村镇银行,萍乡湘东,9
621356043,蒲城中银富登村镇银行,蒲城中银,9
621399021,普洱民生村镇银行,普洱民生,9
621356023,栖霞中银富登村镇银行,栖霞中银,9
621399005,綦江民生村镇银行,綦江民生,9
621356001,蕲春中银富登村镇银行,蕲春中银,9
621630002,迁安襄隆村镇银行,迁安襄隆,9
621356031,乾县中银富登村镇银行,乾县中银,9
621356010,潜江中银富登村镇银行,潜江中银,9
621635013,钦州市钦南国民村镇银行,钦州市钦,9
621635113,钦州市钦南国民村镇银行,钦州市钦,9
621316001,青岛胶南海汇村镇银行,青岛胶南,9
621653003,青岛莱西元泰村镇银行,青岛莱西,9
621056805,青岛崂山交银村镇银行,青岛崂山,9
621356005,青州中银富登村镇银行,青州中银,9
621630001,清河金农村镇银行,清河金农,9
621382020,清徐惠民村镇银行,清徐惠民,9
621382053,清徐惠民村镇银行,清徐惠民,9
623519533,庆阳市西峰瑞信村镇银行,庆阳市西,9
621635007,邛崃国民村镇银行,邛崃国民,9
621635107,邛崃国民村镇银行,邛崃国民,9
621650001,琼海国民村镇银行,琼海国民,9
621650101,琼海国民村镇银行,琼海国民,9
621356024,曲阜中银富登村镇银行,曲阜中银,9
621356015,全椒中银富登村镇银行,全椒中银,9
621697793,任丘村镇银行,任丘村镇,9
621682107,日照沪农商村镇银行,日照沪农,9
621326949,日照九银村镇银行,日照九银,9
621689002,融水柳银村镇银行,融水柳银,9
621682303,瑞丽沪农商村镇银行,瑞丽沪农,9
621630003,沙河襄通村镇银行,沙河襄通,9
621356045,沙洋中银富登村镇银行,沙洋中银,9
621399028,厦门翔安民生村镇银行,厦门翔安,9
621353109,山东博兴新华村镇银行,山东博兴,9
621368001,山东莒南村镇银行,山东莒南,9
623678353,山东临朐聚丰村镇银行,山东临朐,9
621250011,山东荣成汇丰村镇银行,山东荣成,9
621384001,山东邹平青隆村镇银行,山东邹平,9
621399001,上海松江民生村镇银行,上海松江,9
621356047,上饶中银富登村镇银行,上饶中银,9
621381001,韶山光大村镇银行,韶山光大,9
621350755,深圳宝安融兴村镇银行,深圳宝安,9
623589755,深圳宝安融兴村镇银行,深圳宝安,9
621347001,深圳福田银座村镇银行,深圳福田,9
621682003,深圳光明沪农商村镇银行,深圳光明,9
621346001,深圳龙岗鼎业村镇银行,深圳龙岗,9
621346251,深圳龙岗鼎业村镇银行,深圳龙岗,9
621681001,沈阳于洪永安村镇银行,沈阳于洪,9
621635106,石河子国民村镇银行,石河子国,9
621056803,石河子交银村镇银行,石河子交,9
621682210,石门沪农商村镇银行,石门沪农,9
621659009,舒兰吉银村镇银行,舒兰吉银,9
621682212,双峰沪农商村镇银行,双峰沪农,9
621659008,双辽吉银村镇银行,双辽吉银,9
621356012,松滋中银富登村镇银行,松滋中银,9
621682302,嵩明沪农商村镇银行,嵩明沪农,9
621356034,苏州吴江中银富登村镇银行,苏州吴江,9
621356032,睢宁中银富登村镇银行,睢宁中银,9
623504007,睢县德商村镇银行,睢县德商,9
621350014,遂宁安居融兴村镇银行,遂宁安居,9
623589014,遂宁安居融兴村镇银行,遂宁安居,9
621380001,遂平恒生村镇银行,遂平恒生,9
621399016,太仓民生村镇银行,太仓民生,9
621356046,太和中银富登村镇银行,太和中银,9
621682106,泰安沪农商村镇银行,泰安沪农,9
621356054,泰和中银富登村镇银行,泰和中银,9
621637009,唐县汇泽村镇银行,唐县汇泽,9
621399027,腾冲民生村镇银行,腾冲民生,9
621275341,天津宝坻浦发村镇银行,天津宝坻,9
623504010,天津滨海农村商业银行,天津滨海,9
621697813,天津华明村镇银行,天津华明,9
621382018,天津津南村镇银行,天津津南,9
621382070,天津津南村镇银行,天津津南,9
621353008,天津静海新华村镇银行,天津静海,9
621353108,天津静海新华村镇银行,天津静海,9
621656002,天津武清村镇银行,天津武清,9
621399025,天台民生村镇银行,天台民生,9
621399026,天长民生村镇银行,天长民生,9
621681003,铁岭农商村镇银行,铁岭农商,9
621278333,通城惠民村镇银行,通城惠民,9
621399006,潼南民生村镇银行,潼南民生,9
621356052,万州中银富登村镇银行,万州中银,9
621353007,望江新华村镇银行,望江新华,9
621353107,望江新华村镇银行,望江新华,9
621678205,威宁富民村镇银行,威宁富民,9
621650002,文昌国民村镇银行,文昌国民,9
621650102,文昌国民村镇银行,文昌国民,9
621356048,汶上中银富登村镇银行,汶上中银,9
621382057,乌兰察布市集宁包商村镇银行,乌兰察布,9
621275331,乌鲁木齐米东浦发村镇银行,乌鲁木齐,9
621382004,乌审旗包商村镇银行,乌审旗包,9
621382062,乌审旗包商村镇银行,乌审旗包,9
623587001,无为徽银村镇银行,无为徽银,9
621697873,芜湖泰寿村镇银行,芜湖泰寿,9
621653001,吴忠市滨河村镇银行,吴忠市滨,9
621635102,五家渠国民村镇银行,五家渠国,9
621356025,五莲中银富登村镇银行,五莲中银,9
621382012,武冈包商村镇银行,武冈包商,9
621382073,武冈包商村镇银行,武冈包商,9
621386001,武陟射阳村镇银行,武陟射阳,9
621382009,西乌珠穆沁包商惠丰村镇银行,西乌珠穆,9
621382051,西乌珠穆沁包商惠丰村镇银行,西乌珠穆,9
621382011,息烽包商黔隆村镇银行,息烽包商,9
621382065,息烽包商黔隆村镇银行,息烽包商,9
623530953,香河益民村镇银行,香河益民,9
623517001,襄城汇浦村镇银行,襄城汇浦,9
621356040,响水中银富登村镇银行,响水中银,9
621356021,项城中银富登村镇银行,项城中银,9
621635101,象山国民村镇银行,象山国民,9
621356038,象山中银富登村镇银行,象山中银,9
621350004,新安融兴村镇银行,新安融兴,9
623589004,新安融兴村镇银行,新安融兴,9
621382014,新都桂城村镇银行,新都桂城,9
621382069,新都桂城村镇银行,新都桂城,9
621637004,兴和汇泽村镇银行,兴和汇泽,9
621637006,兴县汇泽村镇银行,兴县汇泽,9
621689003,兴业柳银村镇银行,兴业柳银,9
621326939,修水九银村镇银行,修水九银,9
623194773,许昌新浦村镇银行,许昌新浦,9
621350001,延寿融兴村镇银行,延寿融兴,9
623589001,延寿融兴村镇银行,延寿融兴,9
621350015,偃师融兴村镇银行,偃师融兴,9
623589015,偃师融兴村镇银行,偃师融兴,9
621682109,阳谷沪农商村镇银行,阳谷沪农,9
621635120,伊犁国民村镇银行,伊犁国民,9
621382021,仪征包商村镇银行,仪征包商,9
621382064,仪征包商村镇银行,仪征包商,9
621356004,沂水中银富登村镇银行,沂水中银,9
621399011,宜都民生村镇银行,宜都民生,9
621356029,宜丰中银富登村镇银行,宜丰中银,9
621355002,宜兴阳羡村镇银行,宜兴阳羡,9
621355052,宜兴阳羡村镇银行,宜兴阳羡,9
621653007,银川掌政石银村镇银行,银川掌政,9
621635112,银海国民村镇银行,银海国民,9
623558611,鹰潭月湖恒通村镇银行,鹰潭月湖,9
621356030,颍上中银富登村镇银行,颍上中银,9
621350006,应城融兴村镇银行,应城融兴,9
623589006,应城融兴村镇银行,应城融兴,9
621659001,永清吉银村镇银行,永清吉银,9
621682206,永兴沪农商村镇银行,永兴沪农,9
623558612,余干恒通村镇银行,余干恒通,9
623504002,余杭德商村镇银行,余杭德商,9
621399022,榆林榆阳民生村镇银行,榆林榆阳,9
621350431,榆树融兴村镇银行,榆树融兴,9
623589431,榆树融兴村镇银行,榆树融兴,9
621658001,元氏信融村镇银行,元氏信融,9
621627010,云南安宁稠州村镇银行,云南安宁,9
621680004,云南大理渝农商村镇银行,云南大理,9
621680104,云南大理渝农商村镇银行,云南大理,9
621680008,云南鹤庆渝农商村镇银行,云南鹤庆,9
621680108,云南鹤庆渝农商村镇银行,云南鹤庆,9
621680011,云南香格里拉渝农商村镇银行,云南香格,9
621680111,云南香格里拉渝农商村镇银行,云南香格,9
621680006,云南祥云渝农商村镇银行,云南祥云,9
621680106,云南祥云渝农商村镇银行,云南祥云,9
621356008,枣阳中银富登村镇银行,枣阳中银,9
621275171,泽州浦发村镇银行,泽州浦发,9
621680002,张家港渝农商村镇银行,张家港渝,9
621680102,张家港渝农商村镇银行,张家港渝,9
621399018,漳浦民生村镇银行,漳浦民生,9
621628662,樟树顺银村镇银行,樟树顺银,9
621278293,长春高新惠民村镇银行,长春高新,9
621659006,长春双阳吉银村镇银行,长春双阳,9
621682202,长沙沪农商村镇银行,长沙沪农,9
621399010,长垣民生村镇银行,长垣民生,9
621092004,浙江常山联合村镇银行,浙江常山,9
621627002,浙江岱山稠州村镇银行,浙江岱山,9
621365005,浙江德清湖商村镇银行,浙江德清,9
623558618,浙江富阳恒通村镇银行,浙江富阳,9
621365011,浙江海盐湖商村镇银行,浙江海盐,9
621092002,浙江嘉善联合村镇银行,浙江嘉善,9
621365001,浙江建德湖商村镇银行,浙江建德,9
623502001,浙江缙云杭银村镇银行,浙江缙云,9
621347008,浙江景宁银座村镇银行,浙江景宁,9
621092008,浙江柯桥联合村镇银行,浙江柯桥,9
621387973,浙江兰溪越商村镇银行,浙江兰溪,9
621092003,浙江乐清联合村镇银行,浙江乐清,9
621092080,浙江乐清联合村镇银行,浙江乐清,9
621338003,浙江龙泉民泰村镇银行,浙江龙泉,9
623538001,浙江龙游义商村镇银行,浙江龙游,9
621275221,浙江平阳浦发村镇银行,浙江平阳,9
623535002,浙江庆元村镇银行,浙江庆元,9
621365012,浙江瑞安湖商村镇银行,浙江瑞安,9
621347005,浙江三门银座村镇银行,浙江三门,9
621678105,浙江上虞富民村镇银行,浙江上虞,9
621678101,浙江遂昌富民村镇银行,浙江遂昌,9
621678106,浙江台州路桥富民村镇银行,浙江台州,9
621338007,浙江桐乡民泰村镇银行,浙江桐乡,9
621092005,浙江温岭联合村镇银行,浙江温岭,9
621365006,浙江萧山湖商村镇银行,浙江萧山,9
621275201,浙江新昌浦发村镇银行,浙江新昌,9
623504004,浙江秀洲德商村镇银行,浙江秀洲,9
621092006,浙江义乌联合村镇银行,浙江义乌,9
623579001,浙江玉环永兴村镇银行,浙江玉环,9
621092001,浙江长兴联合村镇银行,浙江长兴,9
621627005,浙江舟山普陀稠州村镇银行,浙江舟山,9
621637005,正蓝旗汇泽村镇银行,正蓝旗汇,9
621399020,志丹民生村镇银行,志丹民生,9
621326763,中山小榄村镇银行,中山小榄,9
621627006,忠县稠州村镇银行,忠县稠州,9
621399013,钟祥民生村镇银行,钟祥民生,9
621275151,重庆巴南浦发村镇银行,重庆巴南,9
621627003,重庆北碚稠州村镇银行,重庆北碚,9
621350012,重庆大渡口融兴村镇银行,重庆大渡,9
621250002,重庆大足汇丰村镇银行,重庆大足,9
621250007,重庆丰都汇丰村镇银行,重庆丰都,9
621356041,重庆奉节中银富登村镇银行,重庆奉节,9
621356037,重庆合川中银富登村镇银行,重庆合川,9
621653005,重庆江津石银村镇银行,重庆江津,9
621338006,重庆九龙坡民泰村镇银行,重庆九龙,9
621653004,重庆南川石银村镇银行,重庆南川,9
621338009,重庆彭水民泰村镇银行,重庆彭水,9
621347007,重庆黔江银座村镇银行,重庆黔江,9
621250009,重庆荣昌汇丰村镇银行,重庆荣昌,9
621350019,重庆沙坪坝融兴村镇银行,重庆沙坪,9
621356022,重庆石柱中银富登村镇银行,重庆石柱,9
623589012,重庆市大渡口融兴村镇银行,重庆市大,9
621350018,重庆市酋阳融兴村镇银行,重庆市酋,9
621350019,重庆市沙坪坝融兴村镇银行,重庆市沙,9
623589019,重庆市沙坪坝融兴村镇银行,重庆市沙,9
621350008,重庆市武隆融兴村镇银行,重庆市武,9
623589008,重庆市武隆融兴村镇银行,重庆市武,9
623589018,重庆市酉阳融兴村镇银行,重庆市酉,9
621356039,重庆巫山中银富登村镇银行,重庆巫山,9
621347006,重庆渝北银座村镇银行,重庆渝北,9
621356028,重庆长寿中银富登村镇银行,重庆长寿,9
621350016,株洲县融兴村镇银行,株洲县融,9
623589016,株洲县融兴村镇银行,株洲县融,9
621382003,准格尔旗包商村镇银行,准格尔旗,9
621382061,准格尔旗包商村镇银行,准格尔旗,9
621275141,资兴浦发村镇银行,资兴浦发,9
621399007,资阳民生村镇银行,资阳民生,9
621275161,邹平浦发村镇银行,邹平浦发,9
621678212,遵义红花岗富民村镇银行,遵义红花,9
6213460026,阿拉善左旗方大村镇银行,阿拉善左,10
6235280118,安徽五河永泰村镇银行,安徽五河,10
6212781930,安平惠民村镇银行,安平惠民,10
6213470020,北京顺义银座村镇银行,北京顺义,10
6213461810,大连旅顺口蒙银村镇银行,大连旅顺,10
6231690200,东莞厚街华业村镇银行,东莞厚街,10
6230829902,广元市贵商村镇银行,广元市贵,10
6229756115,湖北仙桃京都村镇银行,湖北仙桃,10
6210920902,江苏邗江联合村镇银行,江苏邗江,10
6213471011,江西赣州银座村镇银行,江西赣州,10
6231211000,金堂汇金村镇银行,金堂汇金,10
6213462110,开鲁蒙银村镇银行,开鲁蒙银,10
6231429230,垦利乐安村镇银行,垦利乐安,10
6235935330,廊坊市广阳舜丰村镇银行,廊坊市广,10
6216870010,灵宝融丰村镇银行,灵宝融丰,10
6230515030,陵川县农村信用合作联社西关分社银行,陵川县农,10
6216300020,迁安襄隆村镇银行,迁安襄隆,10
6235932933,青岛黄岛舜丰村镇银行,青岛黄岛,10
6229756114,青岛即墨京都村镇银行,青岛即墨,10
6236783530,山东临朐聚丰村镇银行,山东临朐,10
6213500160,"深圳宝安融兴村镇银行",深圳宝安,10
6213461810,深圳龙岗鼎业村镇银行,深圳龙岗,10
6213462110,深圳龙岗鼎业村镇银行,深圳龙岗,10
6213460010,深圳龙岗鼎业村镇银行,深圳龙岗,10
6213460026,深圳龙岗鼎业村镇银行,深圳龙岗,10
6216312501,深圳坪山珠江村镇银行,深圳坪山,10
6235935430,唐山市丰南舜丰村镇银行,唐山市丰,10
6235535830,沂源博商村镇银行,沂源博商,10
6212730039,宜宾兴宜村镇银行,宜宾兴宜,10
6210920021,浙江嘉善联合村镇银行,浙江嘉善,10
6210920031,浙江乐清联合村镇银行,浙江乐清,10
6212752210,浙江平阳浦发村镇银行,浙江平阳,10
6223091100,浙商银行,浙商银行,10
6223092900,浙商银行,浙商银行,10
6223093310,浙商银行,浙商银行,10
6223093320,浙商银行,浙商银行,10
6223093330,浙商银行,浙商银行,10
6223093370,浙商银行,浙商银行,10
6223093380,浙商银行,浙商银行,10
6223096510,浙商银行,浙商银行,10
6223097910,浙商银行,浙商银行,10
6212751410,资兴浦发村镇银行,资兴浦发,10
623053,农业银行,农业银行,6
666666,浙江网商银行,浙江网商,6